sample_id,time_s,step_id,pose_x_m,pose_y_m,pose_theta_deg,gt_x_m,gt_y_m,localization_error_m,path_length_m,coverage_percent,coverage_cleaned_cells,coverage_total_cells,uncleaned_cells,frontier_cells,gray_gap_cells,gray_gap_components,planner_intent,planner_mode,navigation_phase,nav_state,owner_source,control_owner,route_active,route_kind,route_len_cells,route_cost_m,route_status,map_mature,known_map_active,dock_completed,raw_obstacle_cells,actual_obstacle_cells,no_go_cells,hypothesis_obstacle_cells,contact_obstacle_cells,structural_obstacle_cells,thin_obstacle_cells,weak_unconfirmed_obstacle_cells,gt_obstacle_cells,false_occupied_cells,false_free_cells,false_occupied_ratio,obstacle_precision,obstacle_recall,quality_ok,quality_debug,loop_ms,planner_ms,planner_nodes,load_shedding,bumper_active,low_obstacle_debug,bumper_events,recovery_events,route_abort_events,known_wait_events,low_obstacle_marks
0,0.032,0,0,0,0,-4.12001,2.75001,0,0,0,0,0,0,0,0,0,CLEAN_KNOWN,ROW_COVERAGE,EXPLORE,FORWARD,none,NONE,0,none,0,-1,fallback/no reachable route,0,0,0,0,0,0,0,0,0,0,0,0,0,0,0,0,0,1,quality_gate=n/a,514.169,238.094,0,load=shed loop=514 ema=514,0,lowObs=idle,0,0,0,0,0
1,1.056,32,0.120529,3.13011e-09,9.13662e-07,-3.99883,2.75,0.000649466,0.120529,0,0,0,0,0,0,0,CLEAN_KNOWN,ROW_COVERAGE,EXPLORE,FORWARD,none,NONE,0,none,0,-1,fallback/no reachable route,0,0,0,,,,,,,,,,,,,,,,,76.5916,238.094,0,load=shed loop=77 ema=43,0,lowObs=idle,0,0,0,0,0
2,2.08,64,0.252818,-8.75657e-10,-2.90636e-06,-3.86648,2.75,0.000712373,0.252818,0,0,0,0,0,0,0,CLEAN_KNOWN,ROW_COVERAGE,EXPLORE,FORWARD,none,NONE,0,none,0,-1,fallback/no reachable route,0,0,0,,,,,,,,,,,,,,,,,69.8878,238.094,0,load=shed loop=70 ema=41,0,lowObs=idle,0,0,0,0,0
3,3.104,96,0.338051,0.00134261,-0.12272,-3.78134,2.75135,0.000613627,0.33807,3.78041,575,15210,14635,7058,0,0,EXPAND_MAP,EXPLORATION_FRONTIER,EXPLORE,FORWARD,hybrid-row,ROW_FORWARD:cell fill after ro t=1.1s d=0.00/0.18,0,none,0,-1,wavefront frontier cost=0.51m len=4 score=102.1 comp=0 fp=935/0.00 cont=0.0 wall=0.0 seg=point geom first=28deg corne commitType=frontier intent=EXPAND_MAP fr=705 exploreRoute=frontier-only cost=3. noise=cache22:obs-0/ defer=0 plan=69ms/97,0,0,0,,,,,,,,,,,,,,,,,74.7244,68.8481,97,load=shed loop=75 ema=66,0,lowObs=idle,0,0,0,0,0
4,4.128,128,0.425635,0.000762723,0.288384,-3.69397,2.75076,0.000401937,0.42566,3.78041,575,15210,14635,7058,0,0,EXPAND_MAP,EXPLORATION_FRONTIER,EXPLORE,FORWARD,hybrid-row,ROW_FORWARD:cell fill after ro t=1.1s d=0.00/0.18,0,none,0,-1,wavefront frontier cost=0.34m len=3 score=104.5 comp=0 fp=935/0.00 cont=0.0 wall=0.0 seg=point geom first=18deg corne commitType=frontier intent=EXPAND_MAP fr=705 exploreRoute=frontier-only cost=2. noise=cache57:obs-0/ defer=0 plan=175ms/115,0,0,0,,,,,,,,,,,,,,,,,63.1544,175.126,115,load=shed loop=63 ema=114,0,lowObs=idle,0,0,0,0,0
5,5.152,160,0.501219,0.00169913,2.11029,-3.6185,2.75169,0.000290546,0.50126,5.72156,944,16499,15555,6413,0,0,EXPAND_MAP,EXPLORATION_FRONTIER,EXPLORE,RGBD_SNAPSHOT,frontier-hold,RGBD_SNAPSHOT:RGB-D snapshot set t=1.4s d=0.00/0.00,0,none,0,-1,wavefront frontier cost=0.51m len=4 score=102.3 comp=0 fp=938/-0.00 cont=0.0 wall=0.0 seg=point geom first=25deg corne commitType=frontier intent=EXPAND_MAP fr=641 exploreRoute=frontier-only cost=2. noise=cache16:obs-0/ defer=0 plan=64ms/115,0,0,0,0,0,0,0,0,0,0,0,0,0,0,0,0,0,1,quality_gate=n/a,61.1242,64.2926,115,load=shed loop=61 ema=61,0,lowObs=idle,0,0,0,0,0
6,6.176,192,0.501219,0.00169913,1.19712,-3.61855,2.7517,0.000237002,0.50126,5.72156,944,16499,15555,6413,0,0,EXPAND_MAP,EXPLORATION_FRONTIER,EXPLORE,FORWARD,hybrid-row,ROW_FORWARD:row forward after  t=2.2s d=0.00/0.28,0,none,0,-1,wavefront frontier cost=0.51m len=4 score=102.2 comp=0 fp=941/0.00 cont=0.0 wall=0.0 seg=point geom first=25deg corne commitType=frontier intent=EXPAND_MAP fr=641 exploreRoute=frontier-only cost=2. noise=cache50:obs-0/ defer=0 plan=168ms/2649,0,0,0,,,,,,,,,,,,,,,,,62.9542,168.441,2649,load=shed loop=63 ema=99,0,lowObs=idle,0,0,0,0,0
7,7.2,224,0.592005,0.00227889,1.78087,-3.52791,2.75227,9.09454e-05,0.592057,5.72156,944,16499,15555,6413,0,0,EXPAND_MAP,EXPLORATION_FRONTIER,EXPLORE,FORWARD,frontier-route,ROUTE_COMMIT:route commit: fron t=22.0s d=0.00/0.00,1,frontier,4,0.510924,wavefront frontier cost=0.51m len=4 score=102.2 comp=0 fp=941/0.00 cont=0.0 wall=0.0 seg=point geom first=25deg corne commitType=frontier intent=EXPAND_MAP fr=641 exploreRoute=frontier-only cost=2. noise=cache50:obs-0/ defer=0 plan=168ms/2649,0,0,0,,,,,,,,,,,,,,,,,74.3595,168.441,2649,load=shed loop=74 ema=53,0,lowObs=idle,0,0,0,0,0
8,8.224,256,0.676648,0.00622829,2.37069,-3.44318,2.75623,0.000177394,0.676796,6.45004,1187,18403,17216,7917,0,0,EXPAND_MAP,EXPLORATION_FRONTIER,EXPLORE,FORWARD,hybrid-row,ROW_FORWARD:cell fill after ro t=1.1s d=0.00/0.18,0,none,0,-1,wavefront frontier cost=0.51m len=4 score=102.5 comp=0 fp=937/-0.00 cont=0.0 wall=0.0 seg=point geom first=21deg corne commitType=frontier intent=EXPAND_MAP fr=791 exploreRoute=frontier-only cost=3. noise=cache43:obs-0/ defer=0 plan=169ms/3945,0,0,0,,,,,,,,,,,,,,,,,54.7177,169.249,3945,load=shed loop=55 ema=83,0,lowObs=idle,0,0,0,0,0
9,9.248,288,0.774841,0.00495697,-0.837356,-3.34519,2.75495,3.42165e-05,0.774998,8.83191,1767,20007,18240,7190,0,0,EXPAND_MAP,EXPLORATION_FRONTIER,EXPLORE,FORWARD,hybrid-row,ROW_FORWARD:cell fill after ro t=1.1s d=0.00/0.18,0,none,0,-1,wavefront frontier cost=0.51m len=4 score=102.1 comp=0 fp=928/-0.00 cont=0.0 wall=0.0 seg=point geom first=27deg corne commitType=frontier intent=EXPAND_MAP fr=719 exploreRoute=frontier-only cost=3. noise=cache8:obs-0/0 defer=0 plan=78ms/661,0,0,0,,,,,,,,,,,,,,,,,633.069,78.3544,661,load=shed loop=633 ema=144,0,lowObs=idle,0,0,0,0,0
10,10.272,320,0.888274,0.00461467,1.99779,-3.2317,2.75459,4.72099e-05,0.888446,8.83191,1767,20007,18240,7190,0,0,EXPAND_MAP,EXPLORATION_FRONTIER,EXPLORE,FORWARD,frontier-route,ROUTE_COMMIT:route commit: fron t=22.0s d=0.00/0.00,1,frontier,4,0.509866,wavefront frontier cost=0.51m len=4 score=102.1 comp=0 fp=928/-0.00 cont=0.0 wall=0.0 seg=point geom first=27deg corne commitType=frontier intent=EXPAND_MAP fr=719 exploreRoute=frontier-only cost=3. noise=cache8:obs-0/0 defer=0 plan=78ms/661,0,0,0,0,0,0,0,0,0,0,0,0,0,0,0,0,0,1,quality_gate=n/a,74.9141,78.3544,661,load=shed loop=75 ema=51,0,lowObs=idle,0,0,0,0,0
11,11.296,352,0.948731,0.00751213,2.00073,-3.17122,2.75751,5.71525e-05,0.948974,8.83191,1767,20007,18240,7190,0,0,EXPAND_MAP,EXPLORATION_FRONTIER,EXPLORE,RGBD_SNAPSHOT,frontier-hold,RGBD_SNAPSHOT:RGB-D snapshot set t=1.4s d=0.00/0.00,0,none,0,-1,wavefront frontier cost=0.51m len=4 score=102.5 comp=0 fp=941/-0.00 cont=0.0 wall=0.0 seg=point geom first=21deg corne commitType=frontier intent=EXPAND_MAP fr=719 exploreRoute=frontier-only cost=3. noise=cache61:obs-0/ defer=0 plan=162ms/137,0,0,0,,,,,,,,,,,,,,,,,97.1873,162.025,137,load=shed loop=97 ema=42,0,lowObs=idle,0,0,0,0,0
12,12.32,384,0.951301,0.00752294,-0.0134594,-3.16884,2.75752,0.00013916,0.951545,10.3158,2362,22897,20535,7281,0,0,EXPAND_MAP,EXPLORATION_FRONTIER,EXPLORE,FORWARD,hybrid-row,ROW_FORWARD:row forward after  t=2.2s d=0.00/0.28,0,none,0,-1,wavefront frontier cost=0.51m len=4 score=102.4 comp=0 fp=941/-0.00 cont=0.0 wall=0.0 seg=point geom first=23deg corne commitType=frontier intent=EXPAND_MAP fr=728 exploreRoute=frontier-only cost=3. noise=cache27:obs-0/ defer=0 plan=104ms/9001,0,0,0,,,,,,,,,,,,,,,,,61.4684,103.822,9001,load=shed loop=61 ema=60,0,lowObs=idle,0,0,0,0,0
13,13.344,416,1.04727,0.00771097,0.999617,-3.07284,2.7577,0.000109018,1.04752,10.3158,2362,22897,20535,7281,0,0,EXPAND_MAP,EXPLORATION_FRONTIER,EXPLORE,FORWARD,frontier-route,ROUTE_COMMIT:route commit: fron t=22.0s d=0.00/0.00,1,frontier,4,0.510924,wavefront frontier cost=0.51m len=4 score=102.4 comp=0 fp=941/-0.00 cont=0.0 wall=0.0 seg=point geom first=23deg corne commitType=frontier intent=EXPAND_MAP fr=728 exploreRoute=frontier-only cost=3. noise=cache27:obs-0/ defer=0 plan=104ms/9001,0,0,0,,,,,,,,,,,,,,,,,72.3772,103.822,9001,load=shed loop=72 ema=49,0,lowObs=idle,0,0,0,0,0
14,14.368,448,1.12382,0.0102442,0.152277,-2.99634,2.76024,0.0001567,1.12411,10.9095,2712,24859,22147,7007,0,0,EXPAND_MAP,EXPLORATION_FRONTIER,EXPLORE,FORWARD,hybrid-row,ROW_FORWARD:cell fill after ro t=1.1s d=0.00/0.18,0,none,0,-1,wavefront frontier cost=0.51m len=4 score=101.3 comp=0 fp=941/0.00 cont=0.0 wall=0.0 seg=point geom first=21deg corne commitType=frontier intent=EXPAND_MAP fr=700 exploreRoute=frontier-only cost=2. noise=cache20:obs-0/ defer=0 plan=219ms/6756,0,0,0,,,,,,,,,,,,,,,,,60.0141,218.787,6756,load=shed loop=60 ema=57,0,lowObs=idle,0,0,0,0,0
15,15.392,480,1.21263,0.00961916,-0.796318,-2.90784,2.75962,0.00046454,1.21293,10.9095,2712,24859,22147,7007,0,0,EXPAND_MAP,EXPLORATION_FRONTIER,EXPLORE,FORWARD,hybrid-row,ROW_FORWARD:cell fill after ro t=1.1s d=0.00/0.18,0,none,0,-1,wavefront frontier cost=0.67m len=5 score=97.6 comp=0 fp=941/-0.00 cont=0.0 wall=0.0 seg=point geom first=24deg corne commitType=frontier intent=EXPAND_MAP fr=700 exploreRoute=frontier-only cost=3. noise=cache55:obs-0/ defer=0 plan=71ms/257,0,0,0,0,0,0,0,0,0,0,0,0,0,0,0,0,0,1,quality_gate=n/a,140.845,71.2673,257,load=shed loop=141 ema=76,0,lowObs=idle,0,0,0,0,0
16,16.416,512,1.28705,0.00963379,-0.796534,-2.83379,2.75963,0.000829268,1.28735,10.9095,2712,24859,22147,7007,0,0,EXPAND_MAP,EXPLORATION_FRONTIER,EXPLORE,FORWARD,hybrid-row,ROW_FORWARD:cell fill after ro t=1.1s d=0.00/0.18,0,none,0,-1,wavefront frontier cost=0.67m len=5 score=97.6 comp=0 fp=941/-0.00 cont=0.0 wall=0.0 seg=point geom first=24deg corne commitType=frontier intent=EXPAND_MAP fr=700 exploreRoute=frontier-only cost=3. noise=cache55:obs-0/ defer=0 plan=71ms/257,0,0,0,,,,,,,,,,,,,,,,,52.5041,71.2673,257,load=shed loop=53 ema=25,0,lowObs=idle,0,0,0,0,0
17,17.44,544,1.36147,0.00964841,-0.796351,-2.75973,2.75965,0.00119285,1.36178,10.9095,2712,24859,22147,7007,0,0,EXPAND_MAP,EXPLORATION_FRONTIER,EXPLORE,FORWARD,hybrid-row,ROW_FORWARD:cell fill after ro t=1.1s d=0.00/0.18,0,none,0,-1,wavefront frontier cost=0.67m len=5 score=97.6 comp=0 fp=941/-0.00 cont=0.0 wall=0.0 seg=point geom first=24deg corne commitType=frontier intent=EXPAND_MAP fr=700 exploreRoute=frontier-only cost=3. noise=cache55:obs-0/ defer=0 plan=71ms/257,0,0,0,,,,,,,,,,,,,,,,,53.1408,71.2673,257,load=shed loop=53 ema=25,0,lowObs=idle,0,0,0,0,0
18,18.464,576,1.43589,0.00966336,-0.796106,-2.68568,2.75966,0.0015566,1.4362,10.9095,2712,24859,22147,7007,0,0,EXPAND_MAP,EXPLORATION_FRONTIER,EXPLORE,FORWARD,hybrid-row,ROW_FORWARD:cell fill after ro t=1.1s d=0.00/0.18,0,none,0,-1,wavefront frontier cost=0.67m len=5 score=97.6 comp=0 fp=941/-0.00 cont=0.0 wall=0.0 seg=point geom first=24deg corne commitType=frontier intent=EXPAND_MAP fr=700 exploreRoute=frontier-only cost=3. noise=cache55:obs-0/ defer=0 plan=71ms/257,0,0,0,,,,,,,,,,,,,,,,,61.3945,71.2673,257,load=shed loop=61 ema=25,0,lowObs=idle,0,0,0,0,0
19,19.488,608,1.51031,0.00967842,-0.796213,-2.61162,2.75968,0.0019204,1.51062,10.9095,2712,24859,22147,7007,0,0,EXPAND_MAP,EXPLORATION_FRONTIER,EXPLORE,FORWARD,hybrid-row,ROW_FORWARD:cell fill after ro t=1.1s d=0.00/0.18,0,none,0,-1,wavefront frontier cost=0.67m len=5 score=97.6 comp=0 fp=941/-0.00 cont=0.0 wall=0.0 seg=point geom first=24deg corne commitType=frontier intent=EXPAND_MAP fr=700 exploreRoute=frontier-only cost=3. noise=cache55:obs-0/ defer=0 plan=71ms/257,0,0,0,,,,,,,,,,,,,,,,,50.7988,71.2673,257,load=shed loop=51 ema=24,0,lowObs=idle,0,0,0,0,0
20,20.512,640,1.58472,0.00969317,-0.796536,-2.53757,2.75969,0.00228409,1.58505,10.9095,2712,24859,22147,7007,0,0,EXPAND_MAP,EXPLORATION_FRONTIER,EXPLORE,FORWARD,hybrid-row,ROW_FORWARD:cell fill after ro t=1.1s d=0.00/0.18,0,none,0,-1,wavefront frontier cost=0.67m len=5 score=97.6 comp=0 fp=941/-0.00 cont=0.0 wall=0.0 seg=point geom first=24deg corne commitType=frontier intent=EXPAND_MAP fr=700 exploreRoute=frontier-only cost=3. noise=cache55:obs-0/ defer=0 plan=71ms/257,0,0,0,0,0,0,0,0,0,0,0,0,0,0,0,0,0,1,quality_gate=n/a,90.5311,71.2673,257,load=shed loop=91 ema=29,0,lowObs=idle,0,0,0,0,0
21,21.536,672,1.65914,0.00970761,-0.796599,-2.46351,2.75971,0.00264767,1.65947,10.9095,2712,24859,22147,7007,0,0,EXPAND_MAP,EXPLORATION_FRONTIER,EXPLORE,FORWARD,hybrid-row,ROW_FORWARD:cell fill after ro t=1.1s d=0.00/0.18,0,none,0,-1,wavefront frontier cost=0.67m len=5 score=97.6 comp=0 fp=941/-0.00 cont=0.0 wall=0.0 seg=point geom first=24deg corne commitType=frontier intent=EXPAND_MAP fr=700 exploreRoute=frontier-only cost=3. noise=cache55:obs-0/ defer=0 plan=71ms/257,0,0,0,,,,,,,,,,,,,,,,,59.5163,71.2673,257,load=shed loop=60 ema=22,0,lowObs=idle,0,0,0,0,0
22,22.56,704,1.73356,0.00972222,-0.796334,-2.38945,2.75972,0.00301134,1.73389,10.9095,2712,24859,22147,7007,0,0,EXPAND_MAP,EXPLORATION_FRONTIER,EXPLORE,FORWARD,hybrid-row,ROW_FORWARD:cell fill after ro t=1.1s d=0.00/0.18,0,none,0,-1,wavefront frontier cost=0.67m len=5 score=97.6 comp=0 fp=941/-0.00 cont=0.0 wall=0.0 seg=point geom first=24deg corne commitType=frontier intent=EXPAND_MAP fr=700 exploreRoute=frontier-only cost=3. noise=cache55:obs-0/ defer=0 plan=71ms/257,0,0,0,,,,,,,,,,,,,,,,,52.5389,71.2673,257,load=shed loop=53 ema=25,0,lowObs=idle,0,0,0,0,0
23,23.584,736,1.80798,0.00973714,-0.796188,-2.3154,2.75974,0.00337513,1.80832,10.9095,2712,24859,22147,7007,0,0,EXPAND_MAP,EXPLORATION_FRONTIER,EXPLORE,FORWARD,hybrid-row,ROW_FORWARD:cell fill after ro t=1.1s d=0.00/0.18,0,none,0,-1,wavefront frontier cost=0.67m len=5 score=97.6 comp=0 fp=941/-0.00 cont=0.0 wall=0.0 seg=point geom first=24deg corne commitType=frontier intent=EXPAND_MAP fr=700 exploreRoute=frontier-only cost=3. noise=cache55:obs-0/ defer=0 plan=71ms/257,0,0,0,,,,,,,,,,,,,,,,,50.0017,71.2673,257,load=shed loop=50 ema=21,0,lowObs=idle,0,0,0,0,0
24,24.608,768,1.8824,0.00975201,-0.79642,-2.24134,2.75975,0.00373891,1.88274,10.9095,2712,24859,22147,7007,0,0,EXPAND_MAP,EXPLORATION_FRONTIER,EXPLORE,FORWARD,hybrid-row,ROW_FORWARD:cell fill after ro t=1.1s d=0.00/0.18,0,none,0,-1,wavefront frontier cost=0.67m len=5 score=97.6 comp=0 fp=941/-0.00 cont=0.0 wall=0.0 seg=point geom first=24deg corne commitType=frontier intent=EXPAND_MAP fr=700 exploreRoute=frontier-only cost=3. noise=cache55:obs-0/ defer=0 plan=71ms/257,0,0,0,,,,,,,,,,,,,,,,,56.5057,71.2673,257,load=shed loop=57 ema=21,0,lowObs=idle,0,0,0,0,0
25,25.632,800,1.95682,0.0097665,-0.796698,-2.16729,2.75977,0.00410255,1.95716,10.9095,2712,24859,22147,7007,0,0,EXPAND_MAP,EXPLORATION_FRONTIER,EXPLORE,FORWARD,hybrid-row,ROW_FORWARD:cell fill after ro t=1.1s d=0.00/0.18,0,none,0,-1,wavefront frontier cost=0.67m len=5 score=97.6 comp=0 fp=941/-0.00 cont=0.0 wall=0.0 seg=point geom first=24deg corne commitType=frontier intent=EXPAND_MAP fr=700 exploreRoute=frontier-only cost=3. noise=cache55:obs-0/ defer=0 plan=71ms/257,0,0,0,0,0,0,0,0,0,0,0,0,0,0,0,0,0,1,quality_gate=n/a,59.5663,71.2673,257,load=shed loop=60 ema=26,0,lowObs=idle,0,0,0,0,0
26,26.656,832,2.03124,0.00978083,-0.796616,-2.09323,2.75978,0.00446614,2.03159,10.9095,2712,24859,22147,7007,0,0,EXPAND_MAP,EXPLORATION_FRONTIER,EXPLORE,FORWARD,hybrid-row,ROW_FORWARD:cell fill after ro t=1.1s d=0.00/0.18,0,none,0,-1,wavefront frontier cost=0.67m len=5 score=97.6 comp=0 fp=941/-0.00 cont=0.0 wall=0.0 seg=point geom first=24deg corne commitType=frontier intent=EXPAND_MAP fr=700 exploreRoute=frontier-only cost=3. noise=cache55:obs-0/ defer=0 plan=71ms/257,0,0,0,,,,,,,,,,,,,,,,,58.0348,71.2673,257,load=shed loop=58 ema=23,0,lowObs=idle,0,0,0,0,0
27,27.68,864,2.10566,0.00979544,-0.796334,-2.01918,2.7598,0.00482986,2.10601,10.9095,2712,24859,22147,7007,0,0,EXPAND_MAP,EXPLORATION_FRONTIER,EXPLORE,FORWARD,hybrid-row,ROW_FORWARD:cell fill after ro t=1.1s d=0.00/0.18,0,none,0,-1,wavefront frontier cost=0.67m len=5 score=97.6 comp=0 fp=941/-0.00 cont=0.0 wall=0.0 seg=point geom first=24deg corne commitType=frontier intent=EXPAND_MAP fr=700 exploreRoute=frontier-only cost=3. noise=cache55:obs-0/ defer=0 plan=71ms/257,0,0,0,,,,,,,,,,,,,,,,,57.5934,71.2673,257,load=shed loop=58 ema=23,0,lowObs=idle,0,0,0,0,0
28,28.704,896,2.18007,0.00981028,-0.796324,-1.94512,2.75981,0.00519368,2.18043,10.9095,2712,24859,22147,7007,0,0,EXPAND_MAP,EXPLORATION_FRONTIER,EXPLORE,FORWARD,hybrid-row,ROW_FORWARD:cell fill after ro t=1.1s d=0.00/0.18,0,none,0,-1,wavefront frontier cost=0.67m len=5 score=97.6 comp=0 fp=941/-0.00 cont=0.0 wall=0.0 seg=point geom first=24deg corne commitType=frontier intent=EXPAND_MAP fr=700 exploreRoute=frontier-only cost=3. noise=cache55:obs-0/ defer=0 plan=71ms/257,0,0,0,,,,,,,,,,,,,,,,,62.3452,71.2673,257,load=shed loop=62 ema=26,0,lowObs=idle,0,0,0,0,0
29,29.728,928,2.2745,0.00955631,0.548687,-1.85053,2.75954,0.00502437,2.27486,22.1961,5757,25937,20180,6583,0,0,EXPAND_MAP,EXPLORATION_FRONTIER,EXPLORE,FORWARD,frontier-route,ROUTE_COMMIT:route commit: fron t=22.0s d=0.00/0.00,1,frontier,4,0.510336,wavefront frontier cost=0.51m len=4 score=102.2 comp=0 fp=868/-0.00 cont=0.0 wall=0.0 seg=point geom first=24deg corne commitType=frontier intent=EXPAND_MAP fr=658 exploreRoute=frontier-only cost=2. noise=cache42:obs-0/ defer=0 plan=163ms/372,0,0,0,,,,,,,,,,,,,,,,,69.8484,163.131,372,load=shed loop=70 ema=50,0,lowObs=idle,0,0,0,0,0
30,30.752,960,2.3592,0.0117879,2.00689,-1.76574,2.76178,0.00493439,2.3596,23.3055,6282,26955,20673,7750,0,0,EXPAND_MAP,EXPLORATION_FRONTIER,EXPLORE,RGBD_SNAPSHOT,frontier-hold,RGBD_SNAPSHOT:RGB-D snapshot set t=1.4s d=0.00/0.00,0,none,0,-1,wavefront frontier cost=0.51m len=4 score=102.2 comp=0 fp=911/0.00 cont=0.0 wall=0.0 seg=point geom first=25deg corne commitType=frontier intent=EXPAND_MAP fr=775 exploreRoute=frontier-only cost=2. noise=cache31:obs-0/ defer=0 plan=163ms/158,0,0,0,0,0,0,0,0,0,0,0,0,0,0,0,0,0,1,quality_gate=n/a,114.351,162.675,158,load=shed loop=114 ema=91,0,lowObs=idle,0,0,0,0,0
31,31.776,992,2.3592,0.0117879,1.55024,-1.7658,2.76178,0.00500193,2.3596,23.3055,6282,26955,20673,7750,0,0,EXPAND_MAP,EXPLORATION_FRONTIER,EXPLORE,FORWARD,hybrid-row,ROW_FORWARD:row forward after  t=2.2s d=0.00/0.28,0,none,0,-1,wavefront frontier cost=0.51m len=4 score=102.2 comp=0 fp=911/0.00 cont=0.0 wall=0.0 seg=point geom first=26deg corne commitType=frontier intent=EXPAND_MAP fr=775 exploreRoute=frontier-only cost=2. noise=cache65:obs-0/ defer=0 plan=73ms/211,0,0,0,,,,,,,,,,,,,,,,,58.1442,72.994,211,load=shed loop=58 ema=110,0,lowObs=idle,0,0,0,0,0
32,32.8,1024,2.44696,0.0122461,1.90561,-1.6782,2.76222,0.00515211,2.44737,23.3055,6282,26955,20673,7750,0,0,EXPAND_MAP,EXPLORATION_FRONTIER,EXPLORE,FORWARD,frontier-route,ROUTE_COMMIT:route commit: fron t=22.0s d=0.00/0.00,1,frontier,4,0.510934,wavefront frontier cost=0.51m len=4 score=102.2 comp=0 fp=911/0.00 cont=0.0 wall=0.0 seg=point geom first=26deg corne commitType=frontier intent=EXPAND_MAP fr=775 exploreRoute=frontier-only cost=2. noise=cache65:obs-0/ defer=0 plan=73ms/211,0,0,0,,,,,,,,,,,,,,,,,74.3547,72.994,211,load=shed loop=74 ema=51,0,lowObs=idle,0,0,0,0,0
33,33.824,1056,2.53763,0.0168928,3.55471,-1.5874,2.76688,0.00502989,2.53816,20.6711,6616,32006,25390,17909,58,1,EXPAND_MAP,EXPLORATION_FRONTIER,EXPLORE,FORWARD,hybrid-row,ROW_FORWARD:cell fill after ro t=1.1s d=0.00/0.18,0,none,0,-1,wavefront frontier cost=0.51m len=4 score=102.3 comp=0 fp=940/0.00 cont=0.0 wall=0.0 seg=point geom first=23deg corne commitType=frontier intent=EXPAND_MAP fr=179 exploreRoute=frontier-only cost=1. noise=cache40:obs-0/ defer=0 plan=199ms/248,0,0,0,,,,,,,,,,,,,,,,,61.2564,199.162,248,load=shed loop=61 ema=44,0,lowObs=idle,0,0,0,0,0
34,34.848,1088,2.62809,0.0161614,-0.566861,-1.49718,2.76615,0.00527107,2.62863,19.2909,7155,37090,29935,12986,113,2,EXPAND_MAP,EXPLORATION_FRONTIER,EXPLORE,FORWARD,hybrid-row,ROW_FORWARD:cell fill after ro t=1.1s d=0.00/0.18,0,none,0,-1,wavefront frontier cost=0.51m len=4 score=102.1 comp=0 fp=919/-0.00 cont=0.0 wall=0.0 seg=point geom first=26deg corne commitType=frontier intent=EXPAND_MAP fr=129 exploreRoute=frontier-only cost=2. noise=cache4:obs-0/0 defer=0 plan=85ms/199,0,0,0,,,,,,,,,,,,,,,,,94.5191,85.1896,199,load=shed loop=95 ema=50,0,lowObs=idle,0,0,0,0,0
35,35.872,1120,2.74264,0.0160069,1.33263,-1.38256,2.76598,0.00519459,2.74318,19.2909,7155,37090,29935,12986,113,2,EXPAND_MAP,EXPLORATION_FRONTIER,EXPLORE,FORWARD,frontier-route,ROUTE_COMMIT:route commit: fron t=22.0s d=0.00/0.00,1,frontier,4,0.509557,wavefront frontier cost=0.51m len=4 score=102.1 comp=0 fp=940/0.00 cont=0.0 wall=0.0 seg=point geom first=27deg corne commitType=frontier intent=EXPAND_MAP fr=129 exploreRoute=frontier-only cost=1. noise=cache22:obs-0/ defer=0 plan=171ms/254,0,0,0,0,0,0,0,0,0,0,0,0,0,0,0,0,0,1,quality_gate=n/a,92.4383,170.886,254,load=shed loop=92 ema=53,0,lowObs=idle,0,0,0,0,0
36,36.896,1152,2.83032,0.019582,3.19128,-1.29477,2.76957,0.00508875,2.83094,18.5248,7881,42543,34662,10844,58,1,EXPAND_MAP,EXPLORATION_FRONTIER,EXPLORE,GRID_REALIGN,fallback,GRID_REALIGN:hard-core heading  t=2.2s d=0.00/0.00,0,none,0,-1,wavefront frontier cost=0.51m len=4 score=102.5 comp=0 fp=941/0.00 cont=0.0 wall=0.0 seg=point geom first=21deg corne commitType=frontier intent=EXPAND_MAP fr=108 exploreRoute=frontier-only cost=1. noise=cache8:obs-0/0 defer=0 plan=168ms/351,0,0,0,,,,,,,,,,,,,,,,,58.8895,168.077,351,load=shed loop=59 ema=124,0,lowObs=idle,0,0,0,0,0
37,37.92,1184,2.83032,0.019582,2.18781,-1.29485,2.76957,0.00517284,2.83094,18.5248,7881,42543,34662,10844,58,1,EXPAND_MAP,EXPLORATION_FRONTIER,EXPLORE,RGBD_SNAPSHOT,frontier-hold,RGBD_SNAPSHOT:RGB-D snapshot set t=1.4s d=0.00/0.00,0,none,0,-1,wavefront frontier cost=0.51m len=4 score=102.4 comp=0 fp=941/0.00 cont=0.0 wall=0.0 seg=point geom first=23deg corne commitType=frontier intent=EXPAND_MAP fr=108 exploreRoute=frontier-only cost=1. noise=cache42:obs-0/ defer=0 plan=100ms/3497,0,0,0,,,,,,,,,,,,,,,,,857.093,99.9852,3497,load=shed loop=857 ema=211,0,lowObs=idle,0,0,0,0,0
38,38.944,1216,2.90506,0.0194751,0.407507,-1.22028,2.76945,0.00532822,2.90568,18.5248,7881,42543,34662,10844,58,1,EXPAND_MAP,EXPLORATION_FRONTIER,EXPLORE,FORWARD,frontier-route,ROUTE_COMMIT:route commit: fron t=22.0s d=0.00/0.00,1,frontier,4,0.510924,wavefront frontier cost=0.51m len=4 score=102.4 comp=0 fp=941/0.00 cont=0.0 wall=0.0 seg=point geom first=23deg corne commitType=frontier intent=EXPAND_MAP fr=108 exploreRoute=frontier-only cost=1. noise=cache45:obs-0/ defer=0 plan=94ms/3213,0,0,0,,,,,,,,,,,,,,,,,128.131,93.7386,3213,load=shed loop=128 ema=63,0,lowObs=idle,0,0,0,0,0
39,39.968,1248,3.00186,0.0220828,2.6657,-1.12345,2.77206,0.00530262,3.00252,18.5248,7881,42543,34662,10844,58,1,EXPAND_MAP,EXPLORATION_FRONTIER,EXPLORE,FORWARD,frontier-route,ROUTE_COMMIT:route commit: fron t=22.0s d=0.00/0.00,1,frontier,4,0.510924,wavefront frontier cost=0.51m len=4 score=102.4 comp=0 fp=941/0.00 cont=0.0 wall=0.0 seg=point geom first=23deg corne commitType=frontier intent=EXPAND_MAP fr=108 exploreRoute=frontier-only cost=1. noise=cache45:obs-0/ defer=0 plan=94ms/3213,0,0,0,,,,,,,,,,,,,,,,,130.746,93.7386,3213,load=shed loop=131 ema=55,0,lowObs=idle,0,0,0,0,0
40,40.992,1280,3.08907,0.021339,-0.846774,-1.03638,2.77132,0.00545148,3.08975,18.0887,8126,44923,36797,14682,58,1,EXPAND_MAP,EXPLORATION_FRONTIER,EXPLORE,FORWARD,hybrid-row,ROW_FORWARD:cell fill after ro t=1.1s d=0.00/0.18,0,none,0,-1,wavefront frontier cost=0.51m len=4 score=102.2 comp=0 fp=941/0.00 cont=0.0 wall=0.0 seg=point geom first=24deg corne commitType=frontier intent=EXPAND_MAP fr=146 exploreRoute=frontier-only cost=3. noise=cache56:obs-0/ defer=0 plan=86ms/682,0,0,0,0,0,0,0,0,0,0,0,0,0,0,0,0,0,1,quality_gate=n/a,101.42,85.7535,682,load=shed loop=101 ema=52,0,lowObs=idle,0,0,0,0,0
41,42.016,1312,3.20912,0.0200891,0.917258,-0.91625,2.77005,0.00536495,3.20981,18.3195,8791,47987,39196,13842,58,1,EXPAND_MAP,EXPLORATION_FRONTIER,EXPLORE,FORWARD,frontier-route,ROUTE_COMMIT:route commit: fron t=22.0s d=0.00/0.00,1,frontier,4,0.509455,wavefront frontier cost=0.51m len=4 score=101.9 comp=0 fp=936/-0.00 cont=0.0 wall=0.0 seg=point geom first=25deg corne commitType=frontier intent=EXPAND_MAP fr=138 exploreRoute=frontier-only cost=2. noise=obs-0/0 dirty- defer=0 plan=89ms/1727,0,0,0,,,,,,,,,,,,,,,,,76.7297,88.8576,1727,load=shed loop=77 ema=49,0,lowObs=idle,0,0,0,0,0
42,43.04,1344,3.28776,0.0225471,1.96816,-0.837548,2.77253,0.00530702,3.28849,18.3195,8791,47987,39196,13842,58,1,EXPAND_MAP,EXPLORATION_FRONTIER,EXPLORE,RGBD_SNAPSHOT,frontier-hold,RGBD_SNAPSHOT:RGB-D snapshot set t=1.4s d=0.00/0.00,0,none,0,-1,wavefront frontier cost=0.51m len=4 score=99.7 comp=0 fp=941/0.00 cont=0.0 wall=0.0 seg=point geom first=20deg corne commitType=frontier intent=EXPAND_MAP fr=138 exploreRoute=frontier-only cost=3. noise=cache53:obs-0/ defer=0 plan=199ms/3456,0,0,0,,,,,,,,,,,,,,,,,79.1729,199.25,3456,load=shed loop=79 ema=85,0,lowObs=idle,0,0,0,0,0
43,44.064,1376,3.28776,0.0225471,1.05485,-0.837589,2.77253,0.00534874,3.28849,17.9731,9316,51833,42517,14069,58,1,EXPAND_MAP,EXPLORATION_FRONTIER,EXPLORE,FORWARD,hybrid-row,ROW_FORWARD:row forward after  t=2.2s d=0.00/0.28,0,none,0,-1,wavefront frontier cost=0.51m len=4 score=99.7 comp=0 fp=941/0.00 cont=0.0 wall=0.0 seg=point geom first=21deg corne commitType=frontier intent=EXPAND_MAP fr=140 exploreRoute=frontier-only cost=3. noise=cache14:obs-0/ defer=0 plan=125ms/9001,0,0,0,,,,,,,,,,,,,,,,,64.2852,125.465,9001,load=shed loop=64 ema=257,0,lowObs=idle,0,0,0,0,0
44,45.088,1408,3.37808,0.0220632,0.319736,-0.747429,2.77204,0.00549982,3.37881,17.9731,9316,51833,42517,14069,58,1,EXPAND_MAP,EXPLORATION_FRONTIER,EXPLORE,FORWARD,frontier-route,ROUTE_COMMIT:route commit: fron t=22.0s d=0.00/0.00,1,frontier,4,0.510924,wavefront frontier cost=0.51m len=4 score=99.7 comp=0 fp=941/0.00 cont=0.0 wall=0.0 seg=point geom first=21deg corne commitType=frontier intent=EXPAND_MAP fr=140 exploreRoute=frontier-only cost=3. noise=cache14:obs-0/ defer=0 plan=125ms/9001,0,0,0,,,,,,,,,,,,,,,,,75.8709,125.465,9001,load=shed loop=76 ema=48,0,lowObs=idle,0,0,0,0,0
45,46.112,1440,3.46581,0.0241884,1.51115,-0.659587,2.77417,0.00539247,3.46657,18.2936,9771,53412,43641,12732,58,1,EXPAND_MAP,EXPLORATION_FRONTIER,EXPLORE,FORWARD,hybrid-row,ROW_FORWARD:cell fill after ro t=1.1s d=0.00/0.18,0,none,0,-1,wavefront frontier cost=0.68m len=5 score=97.5 comp=0 fp=941/-0.00 cont=0.0 wall=0.0 seg=point geom first=25deg corne commitType=frontier intent=EXPAND_MAP fr=127 exploreRoute=frontier-only cost=2. noise=cache8:obs-0/0 defer=0 plan=188ms/358,0,0,0,0,0,0,0,0,0,0,0,0,0,0,0,0,0,1,quality_gate=n/a,127.415,188.455,358,load=shed loop=127 ema=158,0,lowObs=idle,0,0,0,0,0
46,47.136,1472,3.57122,0.0229111,-0.783273,-0.554401,2.77289,0.00561211,3.57199,18.2936,9771,53412,43641,12732,58,1,EXPAND_MAP,EXPLORATION_FRONTIER,EXPLORE,FORWARD,hybrid-row,ROW_FORWARD:cell fill after ro t=1.1s d=0.00/0.18,0,none,0,-1,wavefront frontier cost=0.67m len=5 score=97.6 comp=0 fp=941/-0.00 cont=0.0 wall=0.0 seg=point geom first=27deg corne commitType=frontier intent=EXPAND_MAP fr=127 exploreRoute=frontier-only cost=2. noise=cache26:obs-0/ defer=0 plan=99ms/1113,0,0,0,,,,,,,,,,,,,,,,,106.753,98.7506,1113,load=shed loop=107 ema=48,0,lowObs=idle,0,0,0,0,0
47,48.16,1504,3.70348,0.0211024,-0.7835,-0.42207,2.77108,0.00554792,3.70427,18.2936,9771,53412,43641,12732,58,1,EXPAND_MAP,EXPLORATION_FRONTIER,EXPLORE,FORWARD,hybrid-row,ROW_FORWARD:cell fill after ro t=1.1s d=0.00/0.18,0,none,0,-1,wavefront frontier cost=0.67m len=5 score=97.7 comp=0 fp=941/-0.00 cont=0.0 wall=0.0 seg=point geom first=23deg corne commitType=frontier intent=EXPAND_MAP fr=127 exploreRoute=frontier-only cost=2. noise=cache44:obs-0/ defer=0 plan=112ms/6504,0,0,0,,,,,,,,,,,,,,,,,173.36,112.2,6504,load=shed loop=173 ema=68,0,lowObs=idle,0,0,0,0,0
48,49.184,1536,3.83576,0.0192934,-0.783495,-0.28973,2.76927,0.00548562,3.83656,18.2936,9771,53412,43641,12732,58,1,EXPAND_MAP,EXPLORATION_FRONTIER,EXPLORE,FORWARD,hybrid-row,ROW_FORWARD:cell fill after ro t=1.1s d=0.00/0.18,0,none,0,-1,wavefront frontier cost=0.67m len=5 score=97.7 comp=0 fp=941/-0.00 cont=0.0 wall=0.0 seg=point geom first=23deg corne commitType=frontier intent=EXPAND_MAP fr=127 exploreRoute=frontier-only cost=2. noise=cache44:obs-0/ defer=0 plan=112ms/6504,0,0,0,,,,,,,,,,,,,,,,,123.615,112.2,6504,load=shed loop=124 ema=51,0,lowObs=idle,0,0,0,0,0
49,50.208,1568,3.96804,0.0174845,-0.783498,-0.15739,2.76746,0.00542331,3.96885,18.2936,9771,53412,43641,12732,58,1,EXPAND_MAP,EXPLORATION_FRONTIER,EXPLORE,FORWARD,hybrid-row,ROW_FORWARD:cell fill after ro t=1.1s d=0.00/0.18,0,none,0,-1,wavefront frontier cost=0.67m len=5 score=97.7 comp=0 fp=941/-0.00 cont=0.0 wall=0.0 seg=point geom first=23deg corne commitType=frontier intent=EXPAND_MAP fr=127 exploreRoute=frontier-only cost=2. noise=cache44:obs-0/ defer=0 plan=112ms/6504,0,0,0,,,,,,,,,,,,,,,,,116.52,112.2,6504,load=shed loop=117 ema=51,0,lowObs=idle,0,0,0,0,0
50,51.232,1600,4.10032,0.0156755,-0.783498,-0.0250507,2.76565,0.00536101,4.10114,18.2936,9771,53412,43641,12732,58,1,EXPAND_MAP,EXPLORATION_FRONTIER,EXPLORE,FORWARD,hybrid-row,ROW_FORWARD:cell fill after ro t=1.1s d=0.00/0.18,0,none,0,-1,wavefront frontier cost=0.67m len=5 score=97.7 comp=0 fp=941/-0.00 cont=0.0 wall=0.0 seg=point geom first=23deg corne commitType=frontier intent=EXPAND_MAP fr=127 exploreRoute=frontier-only cost=2. noise=cache44:obs-0/ defer=0 plan=112ms/6504,0,0,0,0,0,0,0,0,0,0,0,105,0,105,0,0,0,1,quality_gate=n/a,120.383,112.2,6504,load=shed loop=120 ema=53,0,lowObs=idle,0,0,0,0,0
51,52.256,1632,4.23259,0.0138666,-0.783495,0.107289,2.76384,0.0052987,4.23343,18.2936,9771,53412,43641,12732,58,1,EXPAND_MAP,EXPLORATION_FRONTIER,EXPLORE,FORWARD,hybrid-row,ROW_FORWARD:cell fill after ro t=1.1s d=0.00/0.18,0,none,0,-1,wavefront frontier cost=0.67m len=5 score=97.7 comp=0 fp=941/-0.00 cont=0.0 wall=0.0 seg=point geom first=23deg corne commitType=frontier intent=EXPAND_MAP fr=127 exploreRoute=frontier-only cost=2. noise=cache44:obs-0/ defer=0 plan=112ms/6504,0,0,0,,,,,,,,,,,,,,,,,128.401,112.2,6504,load=shed loop=128 ema=53,0,lowObs=idle,0,0,0,0,0
52,53.28,1664,4.36487,0.0120576,-0.7835,0.239629,2.76203,0.0052364,4.36572,18.2936,9771,53412,43641,12732,58,1,EXPAND_MAP,EXPLORATION_FRONTIER,EXPLORE,FORWARD,hybrid-row,ROW_FORWARD:cell fill after ro t=1.1s d=0.00/0.18,0,none,0,-1,wavefront frontier cost=0.67m len=5 score=97.7 comp=0 fp=941/-0.00 cont=0.0 wall=0.0 seg=point geom first=23deg corne commitType=frontier intent=EXPAND_MAP fr=127 exploreRoute=frontier-only cost=2. noise=cache44:obs-0/ defer=0 plan=112ms/6504,0,0,0,,,,,,,,,,,,,,,,,118.97,112.2,6504,load=shed loop=119 ema=53,0,lowObs=idle,0,0,0,0,0
53,54.304,1696,4.49715,0.0102486,-0.783496,0.371968,2.76022,0.0051741,4.49801,18.2936,9771,53412,43641,12732,58,1,EXPAND_MAP,EXPLORATION_FRONTIER,EXPLORE,FORWARD,hybrid-row,ROW_FORWARD:cell fill after ro t=1.1s d=0.00/0.18,0,none,0,-1,wavefront frontier cost=0.67m len=5 score=97.7 comp=0 fp=941/-0.00 cont=0.0 wall=0.0 seg=point geom first=23deg corne commitType=frontier intent=EXPAND_MAP fr=127 exploreRoute=frontier-only cost=2. noise=cache44:obs-0/ defer=0 plan=112ms/6504,0,0,0,,,,,,,,,,,,,,,,,103.832,112.2,6504,load=shed loop=104 ema=49,0,lowObs=idle,0,0,0,0,0
54,55.328,1728,4.62943,0.00843969,-0.783497,0.504308,2.75841,0.00511179,4.6303,18.8147,13203,70174,56971,13103,58,1,EXPAND_MAP,EXPLORATION_FRONTIER,EXPLORE,FORWARD,hybrid-row,ROW_FORWARD:cell fill after ro t=1.1s d=0.00/0.18,0,none,0,-1,wavefront frontier cost=0.50m len=4 score=95.6 comp=0 fp=927/0.01 cont=0.0 wall=0.0 seg=point geom first=105deg corn commitType=frontier intent=EXPAND_MAP fr=131 exploreRoute=frontier-only cost=3. noise=cache8:obs-0/0 defer=0 plan=220ms/391,0,0,0,,,,,,,,,,,,,,,,,877.125,220.466,391,load=shed loop=877 ema=187,0,lowObs=idle,0,0,0,0,0
55,56.352,1760,4.7617,0.00663074,-0.783499,0.636647,2.7566,0.00504949,4.76259,18.8147,13203,70174,56971,13103,58,1,EXPAND_MAP,EXPLORATION_FRONTIER,EXPLORE,FORWARD,hybrid-row,ROW_FORWARD:cell fill after ro t=1.1s d=0.00/0.18,0,none,0,-1,wavefront frontier cost=0.50m len=4 score=95.6 comp=0 fp=927/0.01 cont=0.0 wall=0.0 seg=point geom first=105deg corn commitType=frontier intent=EXPAND_MAP fr=131 exploreRoute=frontier-only cost=3. noise=cache8:obs-0/0 defer=0 plan=220ms/391,0,0,0,0,0,0,0,0,0,0,0,425,0,425,0,0,0,1,quality_gate=n/a,113.227,220.466,391,load=shed loop=113 ema=52,0,lowObs=idle,0,0,0,0,0
56,57.376,1792,4.89398,0.00482179,-0.783494,0.768987,2.75479,0.00498719,4.89487,18.8147,13203,70174,56971,13103,58,1,EXPAND_MAP,EXPLORATION_FRONTIER,EXPLORE,FORWARD,hybrid-row,ROW_FORWARD:cell fill after ro t=1.1s d=0.00/0.18,0,none,0,-1,wavefront frontier cost=0.50m len=4 score=95.6 comp=0 fp=927/0.01 cont=0.0 wall=0.0 seg=point geom first=105deg corn commitType=frontier intent=EXPAND_MAP fr=131 exploreRoute=frontier-only cost=3. noise=cache8:obs-0/0 defer=0 plan=220ms/391,0,0,0,,,,,,,,,,,,,,,,,166.68,220.466,391,load=shed loop=167 ema=60,0,lowObs=idle,0,0,0,0,0
57,58.4,1824,5.02626,0.00301284,-0.783499,0.901327,2.75298,0.00492488,5.02716,18.8147,13203,70174,56971,13103,58,1,EXPAND_MAP,EXPLORATION_FRONTIER,EXPLORE,FORWARD,hybrid-row,ROW_FORWARD:cell fill after ro t=1.1s d=0.00/0.18,0,none,0,-1,wavefront frontier cost=0.50m len=4 score=95.6 comp=0 fp=927/0.01 cont=0.0 wall=0.0 seg=point geom first=105deg corn commitType=frontier intent=EXPAND_MAP fr=131 exploreRoute=frontier-only cost=3. noise=cache8:obs-0/0 defer=0 plan=220ms/391,0,0,0,,,,,,,,,,,,,,,,,124.987,220.466,391,load=shed loop=125 ema=55,0,lowObs=idle,0,0,0,0,0
58,59.424,1856,5.15853,0.00120388,-0.783497,1.03367,2.75117,0.00486258,5.15945,18.8147,13203,70174,56971,13103,58,1,EXPAND_MAP,EXPLORATION_FRONTIER,EXPLORE,FORWARD,hybrid-row,ROW_FORWARD:cell fill after ro t=1.1s d=0.00/0.18,0,none,0,-1,wavefront frontier cost=0.50m len=4 score=95.6 comp=0 fp=927/0.01 cont=0.0 wall=0.0 seg=point geom first=105deg corn commitType=frontier intent=EXPAND_MAP fr=131 exploreRoute=frontier-only cost=3. noise=cache8:obs-0/0 defer=0 plan=220ms/391,0,0,0,,,,,,,,,,,,,,,,,116.614,220.466,391,load=shed loop=117 ema=52,0,lowObs=idle,0,0,0,0,0
59,60.448,1888,5.29081,-0.000605068,-0.783495,1.16601,2.74936,0.00480028,5.29174,18.8147,13203,70174,56971,13103,58,1,EXPAND_MAP,EXPLORATION_FRONTIER,EXPLORE,FORWARD,hybrid-row,ROW_FORWARD:cell fill after ro t=1.1s d=0.00/0.18,0,none,0,-1,wavefront frontier cost=0.50m len=4 score=95.6 comp=0 fp=927/0.01 cont=0.0 wall=0.0 seg=point geom first=105deg corn commitType=frontier intent=EXPAND_MAP fr=131 exploreRoute=frontier-only cost=3. noise=cache8:obs-0/0 defer=0 plan=220ms/391,0,0,0,,,,,,,,,,,,,,,,,108.617,220.466,391,load=shed loop=109 ema=49,0,lowObs=idle,0,0,0,0,0
60,61.472,1920,5.42309,-0.00241402,-0.7835,1.29835,2.74755,0.00473798,5.42403,18.8147,13203,70174,56971,13103,58,1,EXPAND_MAP,EXPLORATION_FRONTIER,EXPLORE,FORWARD,hybrid-row,ROW_FORWARD:cell fill after ro t=1.1s d=0.00/0.18,0,none,0,-1,wavefront frontier cost=0.50m len=4 score=95.6 comp=0 fp=927/0.01 cont=0.0 wall=0.0 seg=point geom first=105deg corn commitType=frontier intent=EXPAND_MAP fr=131 exploreRoute=frontier-only cost=3. noise=cache8:obs-0/0 defer=0 plan=220ms/391,0,0,0,12,12,13,0,0,12,0,0,380,0,368,0,1,0.0315789,1,quality_gate=n/a,131.184,220.466,391,load=shed loop=131 ema=53,0,lowObs=idle,0,0,0,0,0
61,62.496,1952,5.55537,-0.00422298,-0.783495,1.43069,2.74574,0.00467568,5.55632,18.8147,13203,70174,56971,13103,58,1,EXPAND_MAP,EXPLORATION_FRONTIER,EXPLORE,FORWARD,hybrid-row,ROW_FORWARD:cell fill after ro t=1.1s d=0.00/0.18,0,none,0,-1,wavefront frontier cost=0.50m len=4 score=95.6 comp=0 fp=927/0.01 cont=0.0 wall=0.0 seg=point geom first=105deg corn commitType=frontier intent=EXPAND_MAP fr=131 exploreRoute=frontier-only cost=3. noise=cache8:obs-0/0 defer=0 plan=220ms/391,0,0,0,,,,,,,,,,,,,,,,,109.764,220.466,391,load=shed loop=110 ema=54,0,lowObs=idle,0,0,0,0,0
62,63.52,1984,5.68764,-0.00603193,-0.783498,1.56302,2.74393,0.00461338,5.68861,19.9276,15863,79603,63740,13236,58,1,EXPAND_MAP,EXPLORATION_FRONTIER,EXPLORE,FORWARD,hybrid-row,ROW_FORWARD:cell fill after ro t=1.1s d=0.00/0.18,0,none,0,-1,wavefront frontier cost=0.50m len=4 score=95.6 comp=0 fp=941/0.00 cont=0.0 wall=0.0 seg=point geom first=105deg corn commitType=frontier intent=EXPAND_MAP fr=132 exploreRoute=frontier-only cost=2. noise=cache46:obs-3/ defer=0 plan=210ms/393,0,0,0,,,,,,,,,,,,,,,,,115.304,210.487,393,load=shed loop=115 ema=136,0,lowObs=idle,0,0,0,0,0
63,64.544,2016,5.81992,-0.00784088,-0.783498,1.69536,2.74212,0.00455108,5.8209,19.9276,15863,79603,63740,13236,58,1,EXPAND_MAP,EXPLORATION_FRONTIER,EXPLORE,FORWARD,hybrid-row,ROW_FORWARD:cell fill after ro t=1.1s d=0.00/0.18,0,none,0,-1,wavefront frontier cost=0.50m len=4 score=95.6 comp=0 fp=941/0.00 cont=0.0 wall=0.0 seg=point geom first=105deg corn commitType=frontier intent=EXPAND_MAP fr=132 exploreRoute=frontier-only cost=2. noise=cache46:obs-3/ defer=0 plan=210ms/393,0,0,0,,,,,,,,,,,,,,,,,138.778,210.487,393,load=shed loop=139 ema=58,0,lowObs=idle,0,0,0,0,0
64,65.568,2048,5.9522,-0.00964983,-0.783494,1.8277,2.74031,0.00448878,5.95319,19.9276,15863,79603,63740,13236,58,1,EXPAND_MAP,EXPLORATION_FRONTIER,EXPLORE,FORWARD,hybrid-row,ROW_FORWARD:cell fill after ro t=1.1s d=0.00/0.18,0,none,0,-1,wavefront frontier cost=0.50m len=4 score=95.6 comp=0 fp=941/0.00 cont=0.0 wall=0.0 seg=point geom first=105deg corn commitType=frontier intent=EXPAND_MAP fr=132 exploreRoute=frontier-only cost=2. noise=cache46:obs-3/ defer=0 plan=210ms/393,0,0,0,,,,,,,,,,,,,,,,,109.221,210.487,393,load=shed loop=109 ema=49,0,lowObs=idle,0,0,0,0,0
65,66.592,2080,6.08448,-0.0114588,-0.7835,1.96004,2.7385,0.00442648,6.08548,19.9276,15863,79603,63740,13236,58,1,EXPAND_MAP,EXPLORATION_FRONTIER,EXPLORE,FORWARD,hybrid-row,ROW_FORWARD:cell fill after ro t=1.1s d=0.00/0.18,0,none,0,-1,wavefront frontier cost=0.50m len=4 score=95.6 comp=0 fp=941/0.00 cont=0.0 wall=0.0 seg=point geom first=105deg corn commitType=frontier intent=EXPAND_MAP fr=132 exploreRoute=frontier-only cost=2. noise=cache46:obs-3/ defer=0 plan=210ms/393,0,0,0,19,19,20,0,0,19,0,0,400,1,362,0.0526316,0.947368,0.095,1,quality_gate=n/a,165.798,210.487,393,load=shed loop=166 ema=60,0,lowObs=idle,0,0,0,0,0
66,67.616,2112,6.21675,-0.0132677,-0.783496,2.09238,2.73669,0.00436419,6.21777,19.9276,15863,79603,63740,13236,58,1,EXPAND_MAP,EXPLORATION_FRONTIER,EXPLORE,FORWARD,hybrid-row,ROW_FORWARD:cell fill after ro t=1.1s d=0.00/0.18,0,none,0,-1,wavefront frontier cost=0.50m len=4 score=95.6 comp=0 fp=941/0.00 cont=0.0 wall=0.0 seg=point geom first=105deg corn commitType=frontier intent=EXPAND_MAP fr=132 exploreRoute=frontier-only cost=2. noise=cache46:obs-3/ defer=0 plan=210ms/393,0,0,0,,,,,,,,,,,,,,,,,108.266,210.487,393,load=shed loop=108 ema=49,0,lowObs=idle,0,0,0,0,0
67,68.64,2144,6.34903,-0.0150767,-0.783496,2.22472,2.73488,0.00430189,6.35006,19.9276,15863,79603,63740,13236,58,1,EXPAND_MAP,EXPLORATION_FRONTIER,EXPLORE,FORWARD,hybrid-row,ROW_FORWARD:cell fill after ro t=1.1s d=0.00/0.18,0,none,0,-1,wavefront frontier cost=0.50m len=4 score=95.6 comp=0 fp=941/0.00 cont=0.0 wall=0.0 seg=point geom first=105deg corn commitType=frontier intent=EXPAND_MAP fr=132 exploreRoute=frontier-only cost=2. noise=cache46:obs-3/ defer=0 plan=210ms/393,0,0,0,,,,,,,,,,,,,,,,,111.609,210.487,393,load=shed loop=112 ema=56,0,lowObs=idle,0,0,0,0,0
68,69.664,2176,6.48131,-0.0168856,-0.783499,2.35706,2.73307,0.00423959,6.48235,19.9276,15863,79603,63740,13236,58,1,EXPAND_MAP,EXPLORATION_FRONTIER,EXPLORE,FORWARD,hybrid-row,ROW_FORWARD:cell fill after ro t=1.1s d=0.00/0.18,0,none,0,-1,wavefront frontier cost=0.50m len=4 score=95.6 comp=0 fp=941/0.00 cont=0.0 wall=0.0 seg=point geom first=105deg corn commitType=frontier intent=EXPAND_MAP fr=132 exploreRoute=frontier-only cost=2. noise=cache46:obs-3/ defer=0 plan=210ms/393,0,0,0,,,,,,,,,,,,,,,,,101.204,210.487,393,load=shed loop=101 ema=49,0,lowObs=idle,0,0,0,0,0
69,70.688,2208,6.61358,-0.0186946,-0.783494,2.4894,2.73126,0.0041773,6.61464,19.9276,15863,79603,63740,13236,58,1,EXPAND_MAP,EXPLORATION_FRONTIER,EXPLORE,FORWARD,hybrid-row,ROW_FORWARD:cell fill after ro t=1.1s d=0.00/0.18,0,none,0,-1,wavefront frontier cost=0.50m len=4 score=95.6 comp=0 fp=941/0.00 cont=0.0 wall=0.0 seg=point geom first=105deg corn commitType=frontier intent=EXPAND_MAP fr=132 exploreRoute=frontier-only cost=2. noise=cache46:obs-3/ defer=0 plan=210ms/393,0,0,0,,,,,,,,,,,,,,,,,118.038,210.487,393,load=shed loop=118 ema=51,0,lowObs=idle,0,0,0,0,0
70,71.712,2240,6.74586,-0.0205035,-0.783499,2.62174,2.72945,0.004115,6.74693,22.5066,19436,86357,66921,10896,58,1,EXPAND_MAP,EXPLORATION_FRONTIER,EXPLORE,FORWARD,hybrid-row,ROW_FORWARD:cell fill after ro t=1.1s d=0.00/0.18,0,none,0,-1,wavefront frontier cost=0.50m len=4 score=95.5 comp=0 fp=935/0.01 cont=0.0 wall=0.0 seg=point geom first=106deg corn commitType=frontier intent=EXPAND_MAP fr=108 exploreRoute=frontier-only cost=1. noise=cache12:obs-0/ defer=0 plan=225ms/7807,0,0,0,19,19,20,0,0,19,0,0,400,1,362,0.0526316,0.947368,0.095,1,quality_gate=n/a,145.64,225.155,7807,load=shed loop=146 ema=113,0,lowObs=idle,0,0,0,0,0
71,72.736,2272,6.87814,-0.0223125,-0.783497,2.75408,2.72764,0.00405271,6.87922,22.5066,19436,86357,66921,10896,58,1,EXPAND_MAP,EXPLORATION_FRONTIER,EXPLORE,FORWARD,hybrid-row,ROW_FORWARD:cell fill after ro t=1.1s d=0.00/0.18,0,none,0,-1,wavefront frontier cost=0.50m len=4 score=95.5 comp=0 fp=935/0.01 cont=0.0 wall=0.0 seg=point geom first=106deg corn commitType=frontier intent=EXPAND_MAP fr=108 exploreRoute=frontier-only cost=1. noise=cache12:obs-0/ defer=0 plan=225ms/7807,0,0,0,,,,,,,,,,,,,,,,,102.017,225.155,7807,load=shed loop=102 ema=51,0,lowObs=idle,0,0,0,0,0
72,73.76,2304,7.01042,-0.0241215,-0.783495,2.88642,2.72583,0.00399041,7.01151,22.5066,19436,86357,66921,10896,58,1,EXPAND_MAP,EXPLORATION_FRONTIER,EXPLORE,FORWARD,hybrid-row,ROW_FORWARD:cell fill after ro t=1.1s d=0.00/0.18,0,none,0,-1,wavefront frontier cost=0.50m len=4 score=95.5 comp=0 fp=935/0.01 cont=0.0 wall=0.0 seg=point geom first=106deg corn commitType=frontier intent=EXPAND_MAP fr=108 exploreRoute=frontier-only cost=1. noise=cache12:obs-0/ defer=0 plan=225ms/7807,0,0,0,,,,,,,,,,,,,,,,,107.317,225.155,7807,load=shed loop=107 ema=48,0,lowObs=idle,0,0,0,0,0
73,74.784,2336,7.14269,-0.0259304,-0.7835,3.01876,2.72402,0.00392812,7.1438,22.5066,19436,86357,66921,10896,58,1,EXPAND_MAP,EXPLORATION_FRONTIER,EXPLORE,FORWARD,hybrid-row,ROW_FORWARD:cell fill after ro t=1.1s d=0.00/0.18,0,none,0,-1,wavefront frontier cost=0.50m len=4 score=95.5 comp=0 fp=935/0.01 cont=0.0 wall=0.0 seg=point geom first=106deg corn commitType=frontier intent=EXPAND_MAP fr=108 exploreRoute=frontier-only cost=1. noise=cache12:obs-0/ defer=0 plan=225ms/7807,0,0,0,,,,,,,,,,,,,,,,,96.6109,225.155,7807,load=shed loop=97 ema=48,0,lowObs=idle,0,0,0,0,0
74,75.808,2368,7.27497,-0.0277394,-0.783495,3.1511,2.72221,0.00386583,7.27609,22.5066,19436,86357,66921,10896,58,1,EXPAND_MAP,EXPLORATION_FRONTIER,EXPLORE,FORWARD,hybrid-row,ROW_FORWARD:cell fill after ro t=1.1s d=0.00/0.18,0,none,0,-1,wavefront frontier cost=0.50m len=4 score=95.5 comp=0 fp=935/0.01 cont=0.0 wall=0.0 seg=point geom first=106deg corn commitType=frontier intent=EXPAND_MAP fr=108 exploreRoute=frontier-only cost=1. noise=cache12:obs-0/ defer=0 plan=225ms/7807,0,0,0,,,,,,,,,,,,,,,,,162.704,225.155,7807,load=shed loop=163 ema=62,0,lowObs=idle,0,0,0,0,0
75,76.832,2400,7.40725,-0.0295483,-0.783497,3.28344,2.7204,0.00380354,7.40838,22.5066,19436,86357,66921,10896,58,1,EXPAND_MAP,EXPLORATION_FRONTIER,EXPLORE,FORWARD,hybrid-row,ROW_FORWARD:cell fill after ro t=1.1s d=0.00/0.18,0,none,0,-1,wavefront frontier cost=0.50m len=4 score=95.5 comp=0 fp=935/0.01 cont=0.0 wall=0.0 seg=point geom first=106deg corn commitType=frontier intent=EXPAND_MAP fr=108 exploreRoute=frontier-only cost=1. noise=cache12:obs-0/ defer=0 plan=225ms/7807,0,0,0,35,35,38,0,0,35,0,0,400,16,362,0.457143,0.542857,0.095,1,quality_gate=n/a,122.903,225.155,7807,load=shed loop=123 ema=48,0,lowObs=idle,0,0,0,0,0
76,77.856,2432,7.53953,-0.0313573,-0.783499,3.41578,2.71859,0.00374125,7.54067,22.5066,19436,86357,66921,10896,58,1,EXPAND_MAP,EXPLORATION_FRONTIER,EXPLORE,FORWARD,hybrid-row,ROW_FORWARD:cell fill after ro t=1.1s d=0.00/0.18,0,none,0,-1,wavefront frontier cost=0.50m len=4 score=95.5 comp=0 fp=935/0.01 cont=0.0 wall=0.0 seg=point geom first=106deg corn commitType=frontier intent=EXPAND_MAP fr=108 exploreRoute=frontier-only cost=1. noise=cache12:obs-0/ defer=0 plan=225ms/7807,0,0,0,,,,,,,,,,,,,,,,,98.6426,225.155,7807,load=shed loop=99 ema=56,0,lowObs=idle,0,0,0,0,0
77,78.88,2464,7.6718,-0.0331662,-0.783494,3.54812,2.71678,0.00367896,7.67296,22.5066,19436,86357,66921,10896,58,1,EXPAND_MAP,EXPLORATION_FRONTIER,EXPLORE,FORWARD,hybrid-row,ROW_FORWARD:cell fill after ro t=1.1s d=0.00/0.18,0,none,0,-1,wavefront frontier cost=0.50m len=4 score=95.5 comp=0 fp=935/0.01 cont=0.0 wall=0.0 seg=point geom first=106deg corn commitType=frontier intent=EXPAND_MAP fr=108 exploreRoute=frontier-only cost=1. noise=cache12:obs-0/ defer=0 plan=225ms/7807,0,0,0,,,,,,,,,,,,,,,,,107.628,225.155,7807,load=shed loop=108 ema=45,0,lowObs=idle,0,0,0,0,0
78,79.904,2496,7.79744,-0.0347274,0.183858,3.67386,2.71521,0.00357667,7.7986,25.5584,22107,86496,64389,10750,58,1,EXPAND_MAP,EXPLORATION_FRONTIER,EXPLORE,FORWARD,frontier-route,ROUTE_COMMIT:route commit: fron t=22.0s d=0.00/0.00,1,frontier,4,0.509014,wavefront frontier cost=0.51m len=4 score=102.0 comp=0 fp=912/0.00 cont=0.0 wall=0.0 seg=point geom first=28deg corne commitType=frontier intent=EXPAND_MAP fr=107 exploreRoute=frontier-only cost=2. noise=cache50:obs-0/ defer=0 plan=191ms/357,0,0,0,,,,,,,,,,,,,,,,,127.533,191.496,357,load=shed loop=128 ema=106,0,lowObs=idle,0,0,0,0,0
79,80.928,2528,7.89426,-0.0326793,2.14068,3.77068,2.71726,0.00356683,7.89545,25.5584,22107,86496,64389,10750,58,1,EXPAND_MAP,EXPLORATION_FRONTIER,EXPLORE,FORWARD,frontier-route,ROUTE_COMMIT:route commit: fron t=22.0s d=0.00/0.00,1,frontier,4,0.509014,wavefront frontier cost=0.51m len=4 score=102.0 comp=0 fp=912/0.00 cont=0.0 wall=0.0 seg=point geom first=28deg corne commitType=frontier intent=EXPAND_MAP fr=107 exploreRoute=frontier-only cost=2. noise=cache50:obs-0/ defer=0 plan=191ms/357,0,0,0,,,,,,,,,,,,,,,,,76.3526,191.496,357,load=shed loop=76 ema=56,0,lowObs=idle,0,0,0,0,0
80,81.952,2560,7.96074,-0.0291895,2.03784,3.8372,2.72076,0.00353343,7.96203,26.5666,22991,86541,63550,10743,58,1,EXPAND_MAP,EXPLORATION_FRONTIER,EXPLORE,RGBD_SNAPSHOT,frontier-hold,RGBD_SNAPSHOT:RGB-D snapshot set t=1.4s d=0.00/0.00,0,none,0,-1,wavefront frontier cost=0.51m len=4 score=101.3 comp=0 fp=751/0.04 cont=0.0 wall=0.0 seg=point geom first=22deg corne commitType=frontier intent=EXPAND_MAP fr=107 exploreRoute=frontier-only cost=2. noise=cache41:obs-0/ defer=0 plan=176ms/490,0,0,0,36,36,39,0,0,36,0,0,401,16,362,0.444444,0.555556,0.0972569,1,quality_gate=n/a,72.9467,175.865,490,load=shed loop=73 ema=51,0,lowObs=idle,0,0,0,0,0
81,82.976,2592,7.96074,-0.0291895,1.1244,3.83719,2.72076,0.00354906,7.96203,27.1631,23511,86555,63044,10741,58,1,EXPAND_MAP,EXPLORATION_FRONTIER,EXPLORE,FORWARD,hybrid-row,ROW_FORWARD:row forward after  t=2.2s d=0.00/0.28,0,none,0,-1,wavefront frontier cost=0.51m len=4 score=101.1 comp=0 fp=751/0.04 cont=0.0 wall=0.0 seg=point geom first=24deg corne commitType=frontier intent=EXPAND_MAP fr=107 exploreRoute=frontier-only cost=2. noise=cache6:obs-0/9 defer=0 plan=71ms/580,0,0,0,,,,,,,,,,,,,,,,,62.0923,71.2062,580,load=shed loop=62 ema=110,0,lowObs=idle,0,0,0,0,0
82,84,2624,8.04986,-0.0289035,1.07138,3.92616,2.72103,0.00370105,8.05115,27.1631,23511,86555,63044,10741,58,1,EXPAND_MAP,EXPLORATION_FRONTIER,EXPLORE,FORWARD,frontier-route,ROUTE_COMMIT:route commit: fron t=22.0s d=0.00/0.00,1,frontier,4,0.510924,wavefront frontier cost=0.51m len=4 score=101.1 comp=0 fp=751/0.04 cont=0.0 wall=0.0 seg=point geom first=24deg corne commitType=frontier intent=EXPAND_MAP fr=107 exploreRoute=frontier-only cost=2. noise=cache6:obs-0/9 defer=0 plan=71ms/580,0,0,0,,,,,,,,,,,,,,,,,81.1478,71.2062,580,load=shed loop=81 ema=53,0,lowObs=idle,0,0,0,0,0
83,85.024,2656,8.05894,-0.0287218,-6.6318,3.93524,2.72121,0.00369737,8.06023,27.1631,23511,86555,63044,10741,58,1,EXPAND_MAP,EXPLORATION_FRONTIER,EXPLORE,SCAN_AROUND,frontier-hold,SCAN_AROUND:active RGB-D scan: t=5.8s d=0.00/0.00,0,none,0,-1,wavefront frontier cost=0.84m len=6 score=94.3 comp=0 fp=881/-0.00 cont=0.0 wall=0.0 seg=point geom first=24deg corne commitType=frontier intent=EXPAND_MAP fr=107 exploreRoute=frontier-only cost=2. noise=cache61:obs-0/ defer=4 plan=114ms/9001,0,0,0,,,,,,,,,,,,,,,,,102.044,114.199,9001,load=shed loop=102 ema=47,0,lowObs=idle,0,0,0,0,0
84,86.048,2688,8.05894,-0.0287218,-20.2944,3.93524,2.7212,0.0036929,8.06023,27.4571,23766,86557,62791,10741,58,1,EXPAND_MAP,EXPLORATION_FRONTIER,EXPLORE,SCAN_AROUND,frontier-hold,SCAN_AROUND:active RGB-D scan: t=5.8s d=0.00/0.00,0,none,0,-1,wavefront frontier cost=0.84m len=6 score=94.6 comp=0 fp=881/-0.00 cont=0.0 wall=0.0 seg=point geom first=34deg corne commitType=frontier intent=EXPAND_MAP fr=107 exploreRoute=frontier-only cost=2. noise=cache6:obs-0/9 defer=4 plan=171ms/1500,0,0,0,,,,,,,,,,,,,,,,,84.4043,170.896,1500,load=shed loop=84 ema=30,0,lowObs=idle,0,0,0,0,0
85,87.072,2720,8.05894,-0.0287218,-27.8636,3.93524,2.72119,0.00369311,8.06023,27.4571,23766,86557,62791,10741,58,1,EXPAND_MAP,EXPLORATION_FRONTIER,EXPLORE,SCAN_AROUND,frontier-hold,SCAN_AROUND:active RGB-D scan: t=5.8s d=0.00/0.00,0,none,0,-1,wavefront frontier cost=0.84m len=6 score=94.6 comp=0 fp=881/-0.00 cont=0.0 wall=0.0 seg=point geom first=34deg corne commitType=frontier intent=EXPAND_MAP fr=107 exploreRoute=frontier-only cost=2. noise=cache6:obs-0/9 defer=4 plan=171ms/1500,0,0,0,36,36,39,0,0,36,0,0,401,16,362,0.444444,0.555556,0.0972569,1,quality_gate=n/a,103.812,170.896,1500,load=shed loop=104 ema=38,0,lowObs=idle,0,0,0,0,0
86,88.096,2752,8.05894,-0.0287218,-16.3831,3.93525,2.7212,0.00368597,8.06023,27.4571,23766,86557,62791,10741,58,1,EXPAND_MAP,EXPLORATION_FRONTIER,EXPLORE,SCAN_AROUND,frontier-hold,SCAN_AROUND:active RGB-D scan: t=5.8s d=0.00/0.00,0,none,0,-1,wavefront frontier cost=0.84m len=6 score=94.6 comp=0 fp=881/-0.00 cont=0.0 wall=0.0 seg=point geom first=34deg corne commitType=frontier intent=EXPAND_MAP fr=107 exploreRoute=frontier-only cost=2. noise=cache6:obs-0/9 defer=4 plan=171ms/1500,0,0,0,,,,,,,,,,,,,,,,,60.4536,170.896,1500,load=shed loop=60 ema=27,0,lowObs=idle,0,0,0,0,0
87,89.12,2784,8.05894,-0.0287218,2.95009,3.93525,2.72123,0.00368246,8.06023,27.4571,23766,86557,62791,10741,58,1,EXPAND_MAP,EXPLORATION_FRONTIER,EXPLORE,SCAN_AROUND,frontier-hold,SCAN_AROUND:active RGB-D scan: t=5.8s d=0.00/0.00,0,none,0,-1,wavefront frontier cost=0.84m len=6 score=94.6 comp=0 fp=881/-0.00 cont=0.0 wall=0.0 seg=point geom first=34deg corne commitType=frontier intent=EXPAND_MAP fr=107 exploreRoute=frontier-only cost=2. noise=cache6:obs-0/9 defer=4 plan=171ms/1500,0,0,0,,,,,,,,,,,,,,,,,62.9661,170.896,1500,load=shed loop=63 ema=25,0,lowObs=idle,0,0,0,0,0
88,90.144,2816,8.05894,-0.0287218,14.5742,3.93527,2.72124,0.00366521,8.06023,27.433,23766,86633,62867,10831,58,1,EXPAND_MAP,EXPLORATION_FRONTIER,EXPLORE,GRID_REALIGN,fallback,GRID_REALIGN:hard-core heading  t=2.2s d=0.00/0.00,0,none,0,-1,wavefront frontier cost=0.34m len=3 score=95.8 comp=0 fp=914/0.03 cont=0.0 wall=0.0 seg=point geom first=85deg corne commitType=frontier intent=EXPAND_MAP fr=108 exploreRoute=frontier-only cost=2. noise=cache10:obs-0/ defer=4 plan=180ms/702,0,0,0,,,,,,,,,,,,,,,,,55.9213,179.592,702,load=shed loop=56 ema=67,0,lowObs=idle,0,0,0,0,0
89,91.168,2848,8.05894,-0.0287218,5.1787,3.93527,2.72123,0.0036634,8.06023,27.433,23766,86633,62867,10831,58,1,EXPAND_MAP,EXPLORATION_FRONTIER,EXPLORE,GRID_REALIGN,fallback,GRID_REALIGN:hard-core heading  t=2.2s d=0.00/0.00,0,none,0,-1,wavefront frontier cost=0.34m len=3 score=95.8 comp=0 fp=914/0.03 cont=0.0 wall=0.0 seg=point geom first=85deg corne commitType=frontier intent=EXPAND_MAP fr=108 exploreRoute=frontier-only cost=2. noise=cache10:obs-0/ defer=4 plan=180ms/702,0,0,0,,,,,,,,,,,,,,,,,59.6379,179.592,702,load=shed loop=60 ema=26,0,lowObs=idle,0,0,0,0,0
90,92.192,2880,8.05894,-0.0287218,2.16851,3.93527,2.72123,0.0036634,8.06023,27.433,23766,86633,62867,10831,58,1,EXPAND_MAP,EXPLORATION_FRONTIER,EXPLORE,RGBD_SNAPSHOT,frontier-hold,RGBD_SNAPSHOT:RGB-D snapshot set t=1.4s d=0.00/0.00,0,none,0,-1,wavefront frontier cost=0.34m len=3 score=95.8 comp=0 fp=914/0.03 cont=0.0 wall=0.0 seg=point geom first=85deg corne commitType=frontier intent=EXPAND_MAP fr=108 exploreRoute=frontier-only cost=2. noise=cache10:obs-0/ defer=4 plan=180ms/702,0,0,0,36,36,39,0,0,36,0,0,401,16,362,0.444444,0.555556,0.0972569,1,quality_gate=n/a,161.612,179.592,702,load=shed loop=162 ema=62,0,lowObs=idle,0,0,0,0,0
91,93.216,2912,8.08182,-0.0288101,-12.5848,3.95803,2.72112,0.00378606,8.08311,27.433,23766,86633,62867,10831,58,1,EXPAND_MAP,EXPLORATION_FRONTIER,EXPLORE,GRID_REALIGN,fallback,GRID_REALIGN:arena boundary gua t=2.2s d=0.00/0.00,0,none,0,-1,wavefront frontier cost=0.34m len=3 score=94.1 comp=0 fp=914/0.03 cont=0.0 wall=0.0 seg=point geom first=100deg corn commitType=frontier intent=EXPAND_MAP fr=108 exploreRoute=frontier-only cost=2. noise=cache19:obs-0/ defer=4 plan=161ms/682,0,0,0,,,,,,,,,,,,,,,,,72.2812,161.163,682,load=shed loop=72 ema=32,0,lowObs=idle,0,0,0,0,0
92,94.24,2944,8.08182,-0.0288086,-60.9404,3.95806,2.72108,0.00375325,8.08311,27.433,23766,86633,62867,10831,58,1,EXPAND_MAP,EXPLORATION_FRONTIER,EXPLORE,GRID_REALIGN,fallback,GRID_REALIGN:arena boundary gua t=2.2s d=0.00/0.00,0,none,0,-1,wavefront frontier cost=0.34m len=3 score=94.1 comp=0 fp=914/0.03 cont=0.0 wall=0.0 seg=point geom first=100deg corn commitType=frontier intent=EXPAND_MAP fr=108 exploreRoute=frontier-only cost=2. noise=cache19:obs-0/ defer=4 plan=161ms/682,0,0,0,,,,,,,,,,,,,,,,,107.62,161.163,682,load=shed loop=108 ema=35,0,lowObs=idle,0,0,0,0,0
93,95.264,2976,8.08182,-0.0288103,-107.741,3.958,2.72107,0.00381302,8.08311,27.433,23766,86633,62867,10831,58,1,EXPAND_MAP,EXPLORATION_FRONTIER,EXPLORE,GRID_REALIGN,fallback,GRID_REALIGN:grid realign retry t=0.7s d=0.00/0.00,0,none,0,-1,wavefront frontier cost=0.34m len=3 score=94.1 comp=0 fp=914/0.03 cont=0.0 wall=0.0 seg=point geom first=100deg corn commitType=frontier intent=EXPAND_MAP fr=108 exploreRoute=frontier-only cost=2. noise=cache19:obs-0/ defer=4 plan=161ms/682,0,0,0,,,,,,,,,,,,,,,,,63.6493,161.163,682,load=shed loop=64 ema=32,0,lowObs=idle,0,0,0,0,0
94,96.288,3008,8.09843,-0.0119921,-136.216,3.97457,2.7379,0.00386376,8.10675,27.433,23766,86633,62867,10831,58,1,EXPAND_MAP,EXPLORATION_FRONTIER,EXPLORE,RECOVERY_BACKUP,recovery,RECOVERY:backup: grid reali t=0.7s d=0.00/0.00,0,none,0,-1,wavefront frontier cost=0.34m len=3 score=94.1 comp=0 fp=914/0.03 cont=0.0 wall=0.0 seg=point geom first=100deg corn commitType=frontier intent=EXPAND_MAP fr=108 exploreRoute=frontier-only cost=2. noise=cache19:obs-0/ defer=4 plan=161ms/682,0,0,0,,,,,,,,,,,,,,,,,60.9037,161.163,682,load=shed loop=61 ema=29,0,lowObs=idle,0,1,0,0,0
95,97.312,3040,8.10765,-0.00341042,176.977,3.98377,2.74651,0.00387778,8.11935,27.433,23766,86633,62867,10831,58,1,EXPAND_MAP,EXPLORATION_FRONTIER,EXPLORE,TURN_90_IN_PLACE,fallback,PIVOT_90:pivot 90 target=90 t=3.2s d=0.00/0.00,0,none,0,-1,wavefront frontier cost=0.34m len=3 score=94.1 comp=0 fp=914/0.03 cont=0.0 wall=0.0 seg=point geom first=100deg corn commitType=frontier intent=EXPAND_MAP fr=108 exploreRoute=frontier-only cost=2. noise=cache19:obs-0/ defer=4 plan=161ms/682,0,0,0,36,36,39,0,0,36,0,0,401,16,362,0.444444,0.555556,0.0972569,1,quality_gate=n/a,73.866,161.163,682,load=shed loop=74 ema=29,0,lowObs=idle,0,1,0,0,0
96,98.336,3072,8.10765,-0.00341042,128.327,3.9838,2.74657,0.00384312,8.11935,27.433,23766,86633,62867,10831,58,1,EXPAND_MAP,EXPLORATION_FRONTIER,EXPLORE,TURN_90_IN_PLACE,fallback,PIVOT_90:pivot 90 target=90 t=3.2s d=0.00/0.00,0,none,0,-1,wavefront frontier cost=0.34m len=3 score=94.1 comp=0 fp=914/0.03 cont=0.0 wall=0.0 seg=point geom first=100deg corn commitType=frontier intent=EXPAND_MAP fr=108 exploreRoute=frontier-only cost=2. noise=cache19:obs-0/ defer=4 plan=161ms/682,0,0,0,,,,,,,,,,,,,,,,,60.7124,161.163,682,load=shed loop=61 ema=27,0,lowObs=idle,0,1,0,0,0
97,99.36,3104,8.10765,-0.00341042,106.305,3.98383,2.74658,0.00381573,8.11935,27.433,23766,86633,62867,10831,58,1,EXPAND_MAP,EXPLORATION_FRONTIER,EXPLORE,TURN_90_IN_PLACE,fallback,PIVOT_90:pivot 90 target=90 t=3.2s d=0.00/0.00,0,none,0,-1,wavefront frontier cost=0.34m len=3 score=94.1 comp=0 fp=914/0.03 cont=0.0 wall=0.0 seg=point geom first=100deg corn commitType=frontier intent=EXPAND_MAP fr=108 exploreRoute=frontier-only cost=2. noise=cache19:obs-0/ defer=4 plan=161ms/682,0,0,0,,,,,,,,,,,,,,,,,54.2484,161.163,682,load=shed loop=54 ema=27,0,lowObs=idle,0,1,0,0,0
98,100.384,3136,8.10765,-0.00341042,92.4579,3.98385,2.74659,0.00379766,8.11935,27.433,23766,86633,62867,10831,58,1,EXPAND_MAP,EXPLORATION_FRONTIER,EXPLORE,TURN_90_IN_PLACE,fallback,PIVOT_90:pivot 90 target=90 t=3.2s d=0.00/0.00,0,none,0,-1,wavefront frontier cost=0.34m len=3 score=94.1 comp=0 fp=914/0.03 cont=0.0 wall=0.0 seg=point geom first=100deg corn commitType=frontier intent=EXPAND_MAP fr=108 exploreRoute=frontier-only cost=2. noise=cache19:obs-0/ defer=4 plan=161ms/682,0,0,0,,,,,,,,,,,,,,,,,75.2638,161.163,682,load=shed loop=75 ema=28,0,lowObs=idle,0,1,0,0,0
99,101.408,3168,8.10765,-0.00341042,90.6149,3.98385,2.74658,0.00379544,8.11935,27.433,23766,86633,62867,10831,58,1,EXPAND_MAP,EXPLORATION_FRONTIER,EXPLORE,RGBD_SNAPSHOT,frontier-hold,RGBD_SNAPSHOT:RGB-D snapshot set t=1.4s d=0.00/0.00,0,none,0,-1,wavefront frontier cost=0.34m len=3 score=94.1 comp=0 fp=914/0.03 cont=0.0 wall=0.0 seg=point geom first=100deg corn commitType=frontier intent=EXPAND_MAP fr=108 exploreRoute=frontier-only cost=2. noise=cache19:obs-0/ defer=4 plan=161ms/682,0,0,0,,,,,,,,,,,,,,,,,59.4897,161.163,682,load=shed loop=59 ema=28,0,lowObs=idle,0,1,0,0,0
100,102.432,3200,8.10746,0.0147472,90.6149,3.98366,2.7647,0.00379542,8.13751,27.5634,23879,86633,62754,10831,58,1,EXPAND_MAP,EXPLORATION_FRONTIER,EXPLORE,FORWARD,frontier-route,ROUTE_COMMIT:route commit: fron t=22.0s d=0.00/0.00,1,frontier,3,0.335635,wavefront frontier cost=0.34m len=3 score=104.5 comp=0 fp=929/0.01 cont=0.0 wall=0.0 seg=point geom first=12deg corne commitType=frontier intent=EXPAND_MAP fr=108 exploreRoute=frontier-only cost=2. noise=cache34:obs-0/ defer=4 plan=170ms/840,0,0,0,36,36,39,0,0,36,0,0,401,16,362,0.444444,0.555556,0.0972569,1,quality_gate=n/a,98.2673,169.663,840,load=shed loop=98 ema=94,0,lowObs=idle,0,1,0,0,0
101,103.456,3232,8.10529,0.111563,92.4246,3.9815,2.86159,0.00378681,8.23435,27.5634,23879,86633,62754,10831,58,1,EXPAND_MAP,EXPLORATION_FRONTIER,EXPLORE,FORWARD,hybrid-row,ROW_FORWARD:cell fill after ro t=1.1s d=0.00/0.18,0,none,0,-1,wavefront frontier cost=0.34m len=3 score=104.5 comp=0 fp=929/0.01 cont=0.0 wall=0.0 seg=point geom first=12deg corne commitType=frontier intent=EXPAND_MAP fr=108 exploreRoute=frontier-only cost=2. noise=cache34:obs-0/ defer=4 plan=170ms/840,0,0,0,,,,,,,,,,,,,,,,,76.2431,169.663,840,load=shed loop=76 ema=55,0,lowObs=idle,0,1,0,0,0
102,104.48,3264,8.10632,0.198679,89.2172,3.98251,2.94856,0.0037981,8.32148,27.8455,24127,86646,62519,10850,58,1,EXPAND_MAP,EXPLORATION_FRONTIER,EXPLORE,FORWARD,hybrid-row,ROW_FORWARD:cell fill after ro t=1.1s d=0.00/0.18,0,none,0,-1,wavefront frontier cost=0.33m len=3 score=104.2 comp=0 fp=827/0.00 cont=0.0 wall=0.0 seg=point geom first=16deg corne commitType=frontier intent=EXPAND_MAP fr=108 exploreRoute=frontier-only cost=2. noise=cache20:obs-0/ defer=5 plan=209ms/9001,0,0,0,,,,,,,,,,,,,,,,,84.5833,208.608,9001,load=shed loop=85 ema=45,0,lowObs=idle,0,1,0,0,0
103,105.504,3296,8.10651,0.213102,129.972,3.98268,2.96308,0.00383198,8.3359,27.8455,24127,86646,62519,10850,58,1,EXPAND_MAP,EXPLORATION_FRONTIER,EXPLORE,GRID_REALIGN,fallback,GRID_REALIGN:arena boundary gua t=2.2s d=0.00/0.00,0,none,0,-1,wavefront frontier cost=0.33m len=3 score=104.4 comp=0 fp=674/-0.00 cont=0.0 wall=0.0 seg=point geom first=13deg corne commitType=frontier intent=EXPAND_MAP fr=108 exploreRoute=frontier-only cost=2. noise=cache37:obs-0/ defer=4 plan=72ms/225,0,0,0,,,,,,,,,,,,,,,,,58.1417,71.5689,225,load=shed loop=58 ema=31,0,lowObs=idle,0,1,0,0,0
104,106.528,3328,8.10651,0.213102,160.02,3.98266,2.96305,0.00384989,8.3359,27.8455,24127,86646,62519,10850,58,1,EXPAND_MAP,EXPLORATION_FRONTIER,EXPLORE,GRID_REALIGN,fallback,GRID_REALIGN:arena boundary gua t=2.2s d=0.00/0.00,0,none,0,-1,wavefront frontier cost=0.33m len=3 score=104.4 comp=0 fp=674/-0.00 cont=0.0 wall=0.0 seg=point geom first=13deg corne commitType=frontier intent=EXPAND_MAP fr=108 exploreRoute=frontier-only cost=2. noise=cache37:obs-0/ defer=4 plan=72ms/225,0,0,0,,,,,,,,,,,,,,,,,59.9726,71.5689,225,load=shed loop=60 ema=26,0,lowObs=idle,0,1,0,0,0
105,107.552,3360,8.10706,0.21302,171.381,3.98318,2.96295,0.00387061,8.33645,27.8455,24127,86646,62519,10850,58,1,EXPAND_MAP,EXPLORATION_FRONTIER,EXPLORE,RECOVERY_BACKUP,recovery,RECOVERY:backup: grid reali t=0.7s d=0.00/0.00,0,none,0,-1,wavefront frontier cost=0.33m len=3 score=104.4 comp=0 fp=674/-0.00 cont=0.0 wall=0.0 seg=point geom first=13deg corne commitType=frontier intent=EXPAND_MAP fr=108 exploreRoute=frontier-only cost=2. noise=cache37:obs-0/ defer=4 plan=72ms/225,0,0,0,36,36,39,0,0,36,0,0,401,16,362,0.444444,0.555556,0.0972569,1,quality_gate=n/a,98.053,71.5689,225,load=shed loop=98 ema=31,0,lowObs=idle,0,2,0,0,0
106,108.576,3392,8.1425,0.208892,-163.253,4.01859,2.95878,0.00390508,8.37214,27.8455,24127,86646,62519,10850,58,1,EXPAND_MAP,EXPLORATION_FRONTIER,EXPLORE,TURN_90_IN_PLACE,fallback,PIVOT_90:pivot 90 target=-9 t=3.2s d=0.00/0.00,0,none,0,-1,wavefront frontier cost=0.33m len=3 score=104.4 comp=0 fp=674/-0.00 cont=0.0 wall=0.0 seg=point geom first=13deg corne commitType=frontier intent=EXPAND_MAP fr=108 exploreRoute=frontier-only cost=2. noise=cache37:obs-0/ defer=4 plan=72ms/225,0,0,0,,,,,,,,,,,,,,,,,62.3741,71.5689,225,load=shed loop=62 ema=31,0,lowObs=idle,0,2,0,0,0
107,109.6,3424,8.1425,0.208892,-121.276,4.0186,2.95874,0.00389666,8.37214,27.8455,24127,86646,62519,10850,58,1,EXPAND_MAP,EXPLORATION_FRONTIER,EXPLORE,TURN_90_IN_PLACE,fallback,PIVOT_90:pivot 90 target=-9 t=3.2s d=0.00/0.00,0,none,0,-1,wavefront frontier cost=0.33m len=3 score=104.4 comp=0 fp=674/-0.00 cont=0.0 wall=0.0 seg=point geom first=13deg corne commitType=frontier intent=EXPAND_MAP fr=108 exploreRoute=frontier-only cost=2. noise=cache37:obs-0/ defer=4 plan=72ms/225,0,0,0,,,,,,,,,,,,,,,,,60.7053,71.5689,225,load=shed loop=61 ema=31,0,lowObs=idle,0,2,0,0,0
108,110.624,3456,8.1425,0.208892,-103.263,4.01862,2.95873,0.0038743,8.37214,27.8455,24127,86646,62519,10850,58,1,EXPAND_MAP,EXPLORATION_FRONTIER,EXPLORE,TURN_90_IN_PLACE,fallback,PIVOT_90:pivot 90 target=-9 t=3.2s d=0.00/0.00,0,none,0,-1,wavefront frontier cost=0.33m len=3 score=104.4 comp=0 fp=674/-0.00 cont=0.0 wall=0.0 seg=point geom first=13deg corne commitType=frontier intent=EXPAND_MAP fr=108 exploreRoute=frontier-only cost=2. noise=cache37:obs-0/ defer=4 plan=72ms/225,0,0,0,,,,,,,,,,,,,,,,,60.2384,71.5689,225,load=shed loop=60 ema=28,0,lowObs=idle,0,2,0,0,0
109,111.648,3488,8.1425,0.208892,-90.7474,4.01864,2.95873,0.00385741,8.37214,27.8455,24127,86646,62519,10850,58,1,EXPAND_MAP,EXPLORATION_FRONTIER,EXPLORE,TURN_SETTLE,fallback,PIVOT_90:pivot 90 target=-9 t=3.2s d=0.00/0.00,0,none,0,-1,wavefront frontier cost=0.33m len=3 score=104.4 comp=0 fp=674/-0.00 cont=0.0 wall=0.0 seg=point geom first=13deg corne commitType=frontier intent=EXPAND_MAP fr=108 exploreRoute=frontier-only cost=2. noise=cache37:obs-0/ defer=4 plan=72ms/225,0,0,0,,,,,,,,,,,,,,,,,65.2422,71.5689,225,load=shed loop=65 ema=32,0,lowObs=idle,0,2,0,0,0
110,112.672,3520,8.1425,0.208892,-90.7474,4.01864,2.95873,0.00385813,8.37214,27.8455,24127,86646,62519,10850,58,1,EXPAND_MAP,EXPLORATION_FRONTIER,EXPLORE,RGBD_SNAPSHOT,frontier-hold,RGBD_SNAPSHOT:RGB-D snapshot set t=1.4s d=0.00/0.00,0,none,0,-1,wavefront frontier cost=0.33m len=3 score=104.4 comp=0 fp=674/-0.00 cont=0.0 wall=0.0 seg=point geom first=13deg corne commitType=frontier intent=EXPAND_MAP fr=108 exploreRoute=frontier-only cost=2. noise=cache37:obs-0/ defer=4 plan=72ms/225,0,0,0,36,36,39,0,0,36,0,0,401,16,362,0.444444,0.555556,0.0972569,1,quality_gate=n/a,154.585,71.5689,225,load=shed loop=155 ema=64,0,lowObs=idle,0,2,0,0,0
111,113.696,3552,8.14195,0.166525,-90.7474,4.01809,2.91636,0.00385838,8.41451,27.7907,24520,88231,63711,15412,58,1,EXPAND_MAP,EXPLORATION_FRONTIER,EXPLORE,FORWARD,frontier-route,ROUTE_COMMIT:route commit: fron t=22.0s d=0.00/0.00,1,frontier,5,0.675653,wavefront frontier cost=0.68m len=5 score=99.8 comp=0 fp=921/0.02 cont=0.0 wall=0.0 seg=point geom first=22deg corne commitType=frontier intent=EXPAND_MAP fr=154 exploreRoute=frontier-only cost=2. noise=cache18:obs-0/ defer=5 plan=170ms/250,0,0,0,,,,,,,,,,,,,,,,,118.12,170.111,250,load=shed loop=118 ema=67,0,lowObs=idle,0,2,0,0,0
112,114.72,3584,8.14068,0.0696877,-90.7474,4.01682,2.81949,0.00386029,8.51136,27.7907,24520,88231,63711,15412,58,1,EXPAND_MAP,EXPLORATION_FRONTIER,EXPLORE,FORWARD,frontier-route,ROUTE_COMMIT:route commit: fron t=22.0s d=0.00/0.00,1,frontier,5,0.675653,wavefront frontier cost=0.68m len=5 score=99.8 comp=0 fp=921/0.02 cont=0.0 wall=0.0 seg=point geom first=22deg corne commitType=frontier intent=EXPAND_MAP fr=154 exploreRoute=frontier-only cost=2. noise=cache18:obs-0/ defer=5 plan=170ms/250,0,0,0,,,,,,,,,,,,,,,,,101.695,170.111,250,load=shed loop=102 ema=60,0,lowObs=idle,0,2,0,0,0
113,115.744,3616,8.13942,-0.02715,-90.7474,4.01556,2.72263,0.003862,8.6082,27.7907,24520,88231,63711,15412,58,1,EXPAND_MAP,EXPLORATION_FRONTIER,EXPLORE,FORWARD,frontier-route,ROUTE_COMMIT:route commit: fron t=22.0s d=0.00/0.00,1,frontier,5,0.675653,wavefront frontier cost=0.68m len=5 score=99.8 comp=0 fp=921/0.02 cont=0.0 wall=0.0 seg=point geom first=22deg corne commitType=frontier intent=EXPAND_MAP fr=154 exploreRoute=frontier-only cost=2. noise=cache18:obs-0/ defer=5 plan=170ms/250,0,0,0,,,,,,,,,,,,,,,,,80.9022,170.111,250,load=shed loop=81 ema=52,0,lowObs=idle,0,2,0,0,0
114,116.768,3648,8.13794,-0.123984,-91.4973,4.01409,2.62577,0.00385701,8.70505,27.5594,24532,89015,64483,14757,58,1,EXPAND_MAP,EXPLORATION_FRONTIER,EXPLORE,FORWARD,frontier-route,ROUTE_COMMIT:route commit: fron t=22.0s d=0.00/0.00,1,frontier,5,0.675653,wavefront frontier cost=0.51m len=4 score=102.2 comp=0 fp=941/0.00 cont=0.0 wall=0.0 seg=point geom first=26deg corne commitType=frontier intent=EXPAND_MAP fr=147 exploreRoute=frontier-only cost=1. noise=cache50:obs-0/ defer=0 plan=176ms/2467,0,0,0,,,,,,,,,,,,,,,,,117.699,175.715,2467,load=shed loop=118 ema=80,0,lowObs=idle,0,2,0,0,0
115,117.792,3680,8.13781,-0.195888,-89.1835,4.01394,2.55428,0.00386829,8.77696,27.3824,24904,90949,66045,13414,58,1,EXPAND_MAP,EXPLORATION_FRONTIER,EXPLORE,FORWARD,hybrid-row,ROW_FORWARD:cell fill after ro t=1.1s d=0.00/0.18,0,none,0,-1,wavefront frontier cost=0.51m len=4 score=102.1 comp=0 fp=941/0.00 cont=0.0 wall=0.0 seg=point geom first=26deg corne commitType=frontier intent=EXPAND_MAP fr=134 exploreRoute=frontier-only cost=2. noise=cache11:obs-0/ defer=0 plan=76ms/536,0,0,0,36,36,39,0,0,36,0,0,401,16,362,0.444444,0.555556,0.0972569,1,quality_gate=n/a,71.4692,76.3164,536,load=shed loop=71 ema=74,0,lowObs=idle,0,2,0,0,0
116,118.816,3712,8.13749,-0.275292,-90.7717,4.01364,2.47511,0.00386977,8.85637,27.3824,24904,90949,66045,13414,58,1,EXPAND_MAP,EXPLORATION_FRONTIER,EXPLORE,FORWARD,frontier-route,ROUTE_COMMIT:route commit: fron t=22.0s d=0.00/0.00,1,frontier,4,0.510454,wavefront frontier cost=0.51m len=4 score=102.1 comp=0 fp=941/0.00 cont=0.0 wall=0.0 seg=point geom first=27deg corne commitType=frontier intent=EXPAND_MAP fr=134 exploreRoute=frontier-only cost=1. noise=cache28:obs-0/ defer=0 plan=170ms/462,0,0,0,,,,,,,,,,,,,,,,,78.1486,169.885,462,load=shed loop=78 ema=50,0,lowObs=idle,0,2,0,0,0
117,119.84,3744,8.13459,-0.372088,-92.8773,4.01074,2.37828,0.00386175,8.95321,27.3824,24904,90949,66045,13414,58,1,EXPAND_MAP,EXPLORATION_FRONTIER,EXPLORE,FORWARD,frontier-route,ROUTE_COMMIT:route commit: fron t=22.0s d=0.00/0.00,1,frontier,4,0.510454,wavefront frontier cost=0.51m len=4 score=102.1 comp=0 fp=941/0.00 cont=0.0 wall=0.0 seg=point geom first=27deg corne commitType=frontier intent=EXPAND_MAP fr=134 exploreRoute=frontier-only cost=1. noise=cache28:obs-0/ defer=0 plan=170ms/462,0,0,0,,,,,,,,,,,,,,,,,117.69,169.885,462,load=shed loop=118 ema=57,0,lowObs=idle,0,2,0,0,0
118,120.864,3776,8.13327,-0.396263,-91.9756,4.0094,2.3541,0.00387095,8.97743,27.7809,25457,91635,66178,13020,58,1,EXPAND_MAP,EXPLORATION_FRONTIER,EXPLORE,RGBD_SNAPSHOT,frontier-hold,RGBD_SNAPSHOT:RGB-D snapshot set t=1.4s d=0.00/0.00,0,none,0,-1,wavefront frontier cost=0.51m len=4 score=102.5 comp=0 fp=941/0.00 cont=0.0 wall=0.0 seg=point geom first=21deg corne commitType=frontier intent=EXPAND_MAP fr=130 exploreRoute=frontier-only cost=1. noise=cache19:obs-0/ defer=0 plan=207ms/9001,0,0,0,,,,,,,,,,,,,,,,,101.003,206.575,9001,load=shed loop=101 ema=67,0,lowObs=idle,0,2,0,0,0
119,121.888,3808,8.13353,-0.434275,-89.771,4.00968,2.31626,0.00388333,9.01544,27.7809,25457,91635,66178,13020,58,1,EXPAND_MAP,EXPLORATION_FRONTIER,EXPLORE,FORWARD,frontier-route,ROUTE_COMMIT:route commit: fron t=22.0s d=0.00/0.00,1,frontier,4,0.510924,wavefront frontier cost=0.51m len=4 score=102.4 comp=0 fp=941/0.00 cont=0.0 wall=0.0 seg=point geom first=23deg corne commitType=frontier intent=EXPAND_MAP fr=130 exploreRoute=frontier-only cost=1. noise=cache57:obs-0/ defer=0 plan=132ms/9001,0,0,0,,,,,,,,,,,,,,,,,103.043,131.517,9001,load=shed loop=103 ema=61,0,lowObs=idle,0,2,0,0,0
120,122.912,3840,8.13225,-0.531107,-91.8764,4.0084,2.2194,0.0038733,9.11228,27.7809,25457,91635,66178,13020,58,1,EXPAND_MAP,EXPLORATION_FRONTIER,EXPLORE,FORWARD,frontier-route,ROUTE_COMMIT:route commit: fron t=22.0s d=0.00/0.00,1,frontier,4,0.510924,wavefront frontier cost=0.51m len=4 score=102.4 comp=0 fp=941/0.00 cont=0.0 wall=0.0 seg=point geom first=23deg corne commitType=frontier intent=EXPAND_MAP fr=130 exploreRoute=frontier-only cost=1. noise=cache57:obs-0/ defer=0 plan=132ms/9001,0,0,0,36,36,39,0,0,36,0,0,401,16,362,0.444444,0.555556,0.0972569,1,quality_gate=n/a,203.058,131.517,9001,load=shed loop=203 ema=71,0,lowObs=idle,0,2,0,0,0
121,123.936,3872,8.13106,-0.607245,-89.1419,4.0072,2.14343,0.00391174,9.18846,27.4778,25667,93410,67743,16475,58,1,EXPAND_MAP,EXPLORATION_FRONTIER,EXPLORE,FORWARD,hybrid-row,ROW_FORWARD:cell fill after ro t=1.1s d=0.00/0.18,0,none,0,-1,wavefront frontier cost=0.51m len=4 score=102.5 comp=0 fp=937/-0.00 cont=0.0 wall=0.0 seg=point geom first=21deg corne commitType=frontier intent=EXPAND_MAP fr=164 exploreRoute=frontier-only cost=1. noise=cache50:obs-0/ defer=0 plan=171ms/800,0,0,0,,,,,,,,,,,,,,,,,101.772,171.445,800,load=shed loop=102 ema=54,0,lowObs=idle,0,2,0,0,0
122,124.96,3904,8.13087,-0.626925,-94.2279,4.00701,2.12379,0.00392049,9.20814,27.6088,26227,94995,68768,14918,58,1,EXPAND_MAP,EXPLORATION_FRONTIER,EXPLORE,SCAN_AROUND,frontier-hold,SCAN_AROUND:active RGB-D scan: t=5.8s d=0.00/0.00,0,none,0,-1,wavefront frontier cost=1.00m len=7 score=81.9 comp=0 fp=379/0.60 cont=0.0 wall=0.0 seg=point geom first=103deg corn commitType=frontier intent=EXPAND_MAP fr=149 exploreRoute=frontier-only cost=2. noise=cache8:obs-0/9 defer=61 plan=81ms/705,0,0,0,,,,,,,,,,,,,,,,,58.9762,80.5705,705,load=shed loop=59 ema=28,0,lowObs=idle,0,2,0,0,0
123,125.984,3936,8.13087,-0.626925,-109.739,4.00699,2.12378,0.00393747,9.20814,27.6088,26227,94995,68768,14918,58,1,EXPAND_MAP,EXPLORATION_FRONTIER,EXPLORE,SCAN_AROUND,frontier-hold,SCAN_AROUND:active RGB-D scan: t=5.8s d=0.00/0.00,0,none,0,-1,wavefront frontier cost=1.00m len=7 score=81.9 comp=0 fp=379/0.60 cont=0.0 wall=0.0 seg=point geom first=103deg corn commitType=frontier intent=EXPAND_MAP fr=149 exploreRoute=frontier-only cost=2. noise=cache8:obs-0/9 defer=61 plan=81ms/705,0,0,0,,,,,,,,,,,,,,,,,60.3821,80.5705,705,load=shed loop=60 ema=28,0,lowObs=idle,0,2,0,0,0
124,127.008,3968,8.13087,-0.626925,-118.081,4.00698,2.12378,0.00394809,9.20814,27.6088,26227,94995,68768,14918,58,1,EXPAND_MAP,EXPLORATION_FRONTIER,EXPLORE,SCAN_AROUND,frontier-hold,SCAN_AROUND:active RGB-D scan: t=5.8s d=0.00/0.00,0,none,0,-1,wavefront frontier cost=1.00m len=7 score=81.9 comp=0 fp=379/0.60 cont=0.0 wall=0.0 seg=point geom first=103deg corn commitType=frontier intent=EXPAND_MAP fr=149 exploreRoute=frontier-only cost=2. noise=cache8:obs-0/9 defer=61 plan=81ms/705,0,0,0,,,,,,,,,,,,,,,,,58.51,80.5705,705,load=shed loop=59 ema=33,0,lowObs=idle,0,2,0,0,0
125,128.032,4000,8.13087,-0.626924,-111.231,4.00699,2.12378,0.00393976,9.20814,27.6088,26227,94995,68768,14918,58,1,EXPAND_MAP,EXPLORATION_FRONTIER,EXPLORE,SCAN_AROUND,frontier-hold,SCAN_AROUND:active RGB-D scan: t=5.8s d=0.00/0.00,0,none,0,-1,wavefront frontier cost=1.00m len=7 score=81.9 comp=0 fp=379/0.60 cont=0.0 wall=0.0 seg=point geom first=103deg corn commitType=frontier intent=EXPAND_MAP fr=149 exploreRoute=frontier-only cost=2. noise=cache8:obs-0/9 defer=61 plan=81ms/705,0,0,0,36,36,39,0,0,36,0,0,434,16,395,0.444444,0.555556,0.0898618,1,quality_gate=n/a,91.1111,80.5705,705,load=shed loop=91 ema=34,0,lowObs=idle,0,2,0,0,0
126,129.056,4032,8.13087,-0.626925,-91.8966,4.00701,2.12377,0.00391431,9.20814,27.6088,26227,94995,68768,14918,58,1,EXPAND_MAP,EXPLORATION_FRONTIER,EXPLORE,SCAN_AROUND,frontier-hold,SCAN_AROUND:active RGB-D scan: t=5.8s d=0.00/0.00,0,none,0,-1,wavefront frontier cost=1.00m len=7 score=81.9 comp=0 fp=379/0.60 cont=0.0 wall=0.0 seg=point geom first=103deg corn commitType=frontier intent=EXPAND_MAP fr=149 exploreRoute=frontier-only cost=2. noise=cache8:obs-0/9 defer=61 plan=81ms/705,0,0,0,,,,,,,,,,,,,,,,,84.3447,80.5705,705,load=shed loop=84 ema=32,0,lowObs=idle,0,2,0,0,0
127,130.08,4064,8.13087,-0.626925,-73.978,4.00704,2.12376,0.00388907,9.20814,27.6088,26227,94995,68768,14918,58,1,EXPAND_MAP,EXPLORATION_FRONTIER,EXPLORE,FORWARD,hybrid-row,NONE:scan finished: tim t=0.0s d=0.00/0.00,0,none,0,-1,wavefront frontier cost=1.00m len=7 score=81.9 comp=0 fp=379/0.60 cont=0.0 wall=0.0 seg=point geom first=103deg corn commitType=frontier intent=EXPAND_MAP fr=149 exploreRoute=frontier-only cost=2. noise=cache8:obs-0/9 defer=61 plan=81ms/705,0,0,0,,,,,,,,,,,,,,,,,59.461,80.5705,705,load=shed loop=59 ema=31,0,lowObs=idle,0,2,0,0,0
128,131.104,4096,8.13087,-0.626925,-83.4919,4.00702,2.12376,0.003901,9.20814,27.2451,26297,96520,70223,16219,58,1,EXPAND_MAP,EXPLORATION_FRONTIER,EXPLORE,GRID_REALIGN,fallback,GRID_REALIGN:hard-core heading  t=2.2s d=0.00/0.00,0,none,0,-1,wavefront frontier cost=0.83m len=6 score=81.4 comp=0 fp=102/0.89 cont=0.0 wall=0.0 seg=point geom first=177deg corn commitType=frontier intent=EXPAND_MAP fr=162 exploreRoute=frontier-only cost=2. noise=cache41:obs-0/ defer=62 plan=181ms/2657,0,0,0,,,,,,,,,,,,,,,,,112.86,180.62,2657,load=shed loop=113 ema=38,0,lowObs=idle,0,2,0,0,0
129,132.128,4128,8.13087,-0.626925,-88.007,4.00702,2.12376,0.00390685,9.20814,27.2451,26297,96520,70223,16219,58,1,EXPAND_MAP,EXPLORATION_FRONTIER,EXPLORE,RGBD_SNAPSHOT,frontier-hold,RGBD_SNAPSHOT:RGB-D snapshot set t=1.4s d=0.00/0.00,0,none,0,-1,wavefront frontier cost=0.83m len=6 score=81.4 comp=0 fp=102/0.89 cont=0.0 wall=0.0 seg=point geom first=177deg corn commitType=frontier intent=EXPAND_MAP fr=162 exploreRoute=frontier-only cost=2. noise=cache41:obs-0/ defer=62 plan=181ms/2657,0,0,0,,,,,,,,,,,,,,,,,121.544,180.62,2657,load=shed loop=122 ema=61,0,lowObs=idle,0,2,0,0,0
130,133.152,4160,8.13059,-0.660218,-90.7197,4.00673,2.09066,0.00394234,9.24143,27.2451,26297,96520,70223,16219,58,1,EXPAND_MAP,EXPLORATION_FRONTIER,EXPLORE,FORWARD,hybrid-row,ROW_FORWARD:row forward after  t=2.2s d=0.00/0.28,0,none,0,-1,wavefront frontier cost=0.83m len=6 score=81.7 comp=0 fp=102/0.89 cont=0.0 wall=0.0 seg=point geom first=169deg corn commitType=frontier intent=EXPAND_MAP fr=162 exploreRoute=frontier-only cost=2. noise=cache49:obs-0/ defer=62 plan=182ms/722,0,0,0,36,36,39,0,0,36,0,0,434,16,395,0.444444,0.555556,0.0898618,1,quality_gate=n/a,129.39,182.204,722,load=shed loop=129 ema=53,0,lowObs=idle,0,2,0,0,0
131,134.176,4192,8.12907,-0.775346,-90.7578,4.00522,1.97546,0.00393282,9.35657,27.2451,26297,96520,70223,16219,58,1,EXPAND_MAP,EXPLORATION_FRONTIER,EXPLORE,FORWARD,hybrid-row,ROW_FORWARD:row forward after  t=2.2s d=0.00/0.28,0,none,0,-1,wavefront frontier cost=0.83m len=6 score=81.7 comp=0 fp=102/0.89 cont=0.0 wall=0.0 seg=point geom first=169deg corn commitType=frontier intent=EXPAND_MAP fr=162 exploreRoute=frontier-only cost=2. noise=cache49:obs-0/ defer=62 plan=182ms/722,0,0,0,,,,,,,,,,,,,,,,,106.43,182.204,722,load=shed loop=106 ema=50,0,lowObs=idle,0,2,0,0,0
132,135.2,4224,8.12755,-0.890751,-90.7578,4.00369,1.86001,0.00392522,9.47199,27.2451,26297,96520,70223,16219,58,1,EXPAND_MAP,EXPLORATION_FRONTIER,EXPLORE,FORWARD,hybrid-row,ROW_FORWARD:row forward after  t=2.2s d=0.00/0.28,0,none,0,-1,wavefront frontier cost=0.83m len=6 score=81.7 comp=0 fp=102/0.89 cont=0.0 wall=0.0 seg=point geom first=169deg corn commitType=frontier intent=EXPAND_MAP fr=162 exploreRoute=frontier-only cost=2. noise=cache49:obs-0/ defer=62 plan=182ms/722,0,0,0,,,,,,,,,,,,,,,,,109.596,182.204,722,load=shed loop=110 ema=49,0,lowObs=idle,0,2,0,0,0
133,136.224,4256,8.12583,-1.02047,-90.7578,4.00197,1.73023,0.00391516,9.60172,27.2451,26297,96520,70223,16219,58,1,EXPAND_MAP,EXPLORATION_FRONTIER,EXPLORE,FORWARD,hybrid-row,ROW_FORWARD:row forward after  t=2.2s d=0.00/0.28,0,none,0,-1,wavefront frontier cost=0.83m len=6 score=81.7 comp=0 fp=102/0.89 cont=0.0 wall=0.0 seg=point geom first=169deg corn commitType=frontier intent=EXPAND_MAP fr=162 exploreRoute=frontier-only cost=2. noise=cache49:obs-0/ defer=62 plan=182ms/722,0,0,0,,,,,,,,,,,,,,,,,130.284,182.204,722,load=shed loop=130 ema=53,0,lowObs=idle,0,2,0,0,0
134,137.248,4288,8.12408,-1.15275,-90.7578,4.00022,1.59789,0.00390542,9.73401,27.2451,26297,96520,70223,16219,58,1,EXPAND_MAP,EXPLORATION_FRONTIER,EXPLORE,FORWARD,hybrid-row,ROW_FORWARD:row forward after  t=2.2s d=0.00/0.28,0,none,0,-1,wavefront frontier cost=0.83m len=6 score=81.7 comp=0 fp=102/0.89 cont=0.0 wall=0.0 seg=point geom first=169deg corn commitType=frontier intent=EXPAND_MAP fr=162 exploreRoute=frontier-only cost=2. noise=cache49:obs-0/ defer=62 plan=182ms/722,0,0,0,,,,,,,,,,,,,,,,,104.375,182.204,722,load=shed loop=104 ema=49,0,lowObs=idle,0,2,0,0,0
135,138.272,4320,8.12233,-1.28503,-90.7578,3.99847,1.46555,0.00389667,9.8663,27.2451,26297,96520,70223,16219,58,1,EXPAND_MAP,EXPLORATION_FRONTIER,EXPLORE,FORWARD,hybrid-row,ROW_FORWARD:row forward after  t=2.2s d=0.00/0.28,0,none,0,-1,wavefront frontier cost=0.83m len=6 score=81.7 comp=0 fp=102/0.89 cont=0.0 wall=0.0 seg=point geom first=169deg corn commitType=frontier intent=EXPAND_MAP fr=162 exploreRoute=frontier-only cost=2. noise=cache49:obs-0/ defer=62 plan=182ms/722,0,0,0,37,37,40,0,0,37,0,0,434,17,395,0.459459,0.540541,0.0898618,1,quality_gate=n/a,184.879,182.204,722,load=shed loop=185 ema=64,0,lowObs=idle,0,2,0,0,0
136,139.296,4352,8.12058,-1.41731,-90.7578,3.99672,1.33321,0.0038889,9.99859,27.2451,26297,96520,70223,16219,58,1,EXPAND_MAP,EXPLORATION_FRONTIER,EXPLORE,FORWARD,hybrid-row,ROW_FORWARD:row forward after  t=2.2s d=0.00/0.28,0,none,0,-1,wavefront frontier cost=0.83m len=6 score=81.7 comp=0 fp=102/0.89 cont=0.0 wall=0.0 seg=point geom first=169deg corn commitType=frontier intent=EXPAND_MAP fr=162 exploreRoute=frontier-only cost=2. noise=cache49:obs-0/ defer=62 plan=182ms/722,0,0,0,,,,,,,,,,,,,,,,,104.918,182.204,722,load=shed loop=105 ema=54,0,lowObs=idle,0,2,0,0,0
137,140.32,4384,8.11883,-1.54959,-90.7578,3.99497,1.20087,0.00388212,10.1309,27.2451,26297,96520,70223,16219,58,1,EXPAND_MAP,EXPLORATION_FRONTIER,EXPLORE,FORWARD,hybrid-row,ROW_FORWARD:row forward after  t=2.2s d=0.00/0.28,0,none,0,-1,wavefront frontier cost=0.83m len=6 score=81.7 comp=0 fp=102/0.89 cont=0.0 wall=0.0 seg=point geom first=169deg corn commitType=frontier intent=EXPAND_MAP fr=162 exploreRoute=frontier-only cost=2. noise=cache49:obs-0/ defer=62 plan=182ms/722,0,0,0,,,,,,,,,,,,,,,,,160.469,182.204,722,load=shed loop=160 ema=63,0,lowObs=idle,0,2,0,0,0
138,141.344,4416,8.1171,-1.68076,-90.7578,3.99323,1.0696,0.00387362,10.2621,27.0493,29028,107315,78287,16594,129,2,EXPAND_MAP,EXPLORATION_FRONTIER,EXPLORE,FORWARD,frontier-route,ROUTE_COMMIT:route commit: fron t=22.0s d=0.00/0.00,1,frontier,5,0.674112,wavefront frontier cost=0.67m len=5 score=99.6 comp=0 fp=941/-0.00 cont=0.0 wall=0.0 seg=point geom first=27deg corne commitType=frontier intent=EXPAND_MAP fr=165 exploreRoute=frontier-only cost=2. noise=cache31:obs-0/ defer=63 plan=225ms/9001,0,0,0,,,,,,,,,,,,,,,,,136.142,225.386,9001,load=shed loop=136 ema=188,0,lowObs=idle,0,2,0,0,0
139,142.368,4448,8.11582,-1.77759,-90.7578,3.99195,0.972777,0.00387439,10.3589,27.0493,29028,107315,78287,16594,129,2,EXPAND_MAP,EXPLORATION_FRONTIER,EXPLORE,FORWARD,frontier-route,ROUTE_COMMIT:route commit: fron t=22.0s d=0.00/0.00,1,frontier,5,0.674112,wavefront frontier cost=0.67m len=5 score=99.6 comp=0 fp=941/-0.00 cont=0.0 wall=0.0 seg=point geom first=27deg corne commitType=frontier intent=EXPAND_MAP fr=165 exploreRoute=frontier-only cost=2. noise=cache31:obs-0/ defer=63 plan=225ms/9001,0,0,0,,,,,,,,,,,,,,,,,79.1185,225.386,9001,load=shed loop=79 ema=58,0,lowObs=idle,0,2,0,0,0
140,143.392,4480,8.11453,-1.87443,-90.7578,3.99067,0.875915,0.00387254,10.4558,27.0493,29028,107315,78287,16594,129,2,EXPAND_MAP,EXPLORATION_FRONTIER,EXPLORE,FORWARD,frontier-route,ROUTE_COMMIT:route commit: fron t=22.0s d=0.00/0.00,1,frontier,5,0.674112,wavefront frontier cost=0.67m len=5 score=99.6 comp=0 fp=941/-0.00 cont=0.0 wall=0.0 seg=point geom first=27deg corne commitType=frontier intent=EXPAND_MAP fr=165 exploreRoute=frontier-only cost=2. noise=cache31:obs-0/ defer=63 plan=225ms/9001,0,0,0,41,41,44,0,0,41,0,0,436,19,395,0.463415,0.536585,0.0940367,1,quality_gate=n/a,123.713,225.386,9001,load=shed loop=124 ema=61,0,lowObs=idle,0,2,0,0,0
141,144.416,4512,8.11234,-1.97125,-92.2613,3.98848,0.779073,0.00386347,10.5526,27.0493,29028,107315,78287,16594,129,2,EXPAND_MAP,EXPLORATION_FRONTIER,EXPLORE,FORWARD,frontier-route,ROUTE_COMMIT:route commit: fron t=22.0s d=0.00/0.00,1,frontier,5,0.674112,wavefront frontier cost=0.67m len=5 score=99.6 comp=0 fp=941/-0.00 cont=0.0 wall=0.0 seg=point geom first=27deg corne commitType=frontier intent=EXPAND_MAP fr=165 exploreRoute=frontier-only cost=2. noise=cache31:obs-0/ defer=63 plan=225ms/9001,0,0,0,,,,,,,,,,,,,,,,,160.573,225.386,9001,load=shed loop=161 ema=68,0,lowObs=idle,0,2,0,0,0
142,145.44,4544,8.10994,-2.01961,-91.9647,3.98607,0.730694,0.003869,10.601,27.1145,30394,112095,81701,17151,1771,8,EXPAND_MAP,EXPLORATION_FRONTIER,EXPLORE,RGBD_SNAPSHOT,frontier-hold,RGBD_SNAPSHOT:RGB-D snapshot set t=1.4s d=0.00/0.00,0,none,0,-1,wavefront frontier cost=1.66m len=11 score=192.3 comp=0 fp=776/0.00 cont=0.0 wall=0.0 seg=point geom first=21deg corne commitType=frontier intent=EXPAND_MAP fr=171 exploreRoute=frontier-only cost=2. noise=cache5:obs-1/1 defer=65 plan=193ms/582,0,0,0,,,,,,,,,,,,,,,,,113.098,193.112,582,load=shed loop=113 ema=49,0,lowObs=idle,0,2,0,0,0
143,146.464,4576,8.11,-2.03267,-89.4333,3.98613,0.71787,0.00390119,10.6141,27.1145,30394,112095,81701,17151,1771,8,EXPAND_MAP,EXPLORATION_FRONTIER,EXPLORE,FORWARD,hybrid-row,ROW_FORWARD:row forward after  t=2.2s d=0.00/0.28,0,none,0,-1,wavefront frontier cost=1.66m len=11 score=192.3 comp=0 fp=776/0.00 cont=0.0 wall=0.0 seg=point geom first=23deg corne commitType=frontier intent=EXPAND_MAP fr=171 exploreRoute=frontier-only cost=2. noise=cache43:obs-1/ defer=65 plan=142ms/9001,0,0,0,,,,,,,,,,,,,,,,,60.8362,141.985,9001,load=shed loop=61 ema=75,0,lowObs=idle,0,2,0,0,0
144,147.488,4608,8.11117,-2.13025,-89.3044,3.98731,0.620204,0.00388052,10.7117,27.1145,30394,112095,81701,17151,1771,8,EXPAND_MAP,EXPLORATION_FRONTIER,EXPLORE,FORWARD,frontier-route,ROUTE_COMMIT:route commit: fron t=22.0s d=0.00/0.00,1,frontier,11,1.66387,wavefront frontier cost=1.66m len=11 score=192.3 comp=0 fp=776/0.00 cont=0.0 wall=0.0 seg=point geom first=23deg corne commitType=frontier intent=EXPAND_MAP fr=171 exploreRoute=frontier-only cost=2. noise=cache43:obs-1/ defer=65 plan=142ms/9001,0,0,0,,,,,,,,,,,,,,,,,159.046,141.985,9001,load=shed loop=159 ema=69,0,lowObs=idle,0,2,0,0,0
145,148.512,4640,8.11235,-2.22709,-89.3044,3.98849,0.523341,0.00387753,10.8085,27.1145,30394,112095,81701,17151,1771,8,EXPAND_MAP,EXPLORATION_FRONTIER,EXPLORE,FORWARD,frontier-route,ROUTE_COMMIT:route commit: fron t=22.0s d=0.00/0.00,1,frontier,11,1.66387,wavefront frontier cost=1.66m len=11 score=192.3 comp=0 fp=776/0.00 cont=0.0 wall=0.0 seg=point geom first=23deg corne commitType=frontier intent=EXPAND_MAP fr=171 exploreRoute=frontier-only cost=2. noise=cache43:obs-1/ defer=65 plan=142ms/9001,0,0,0,74,74,77,0,0,74,0,0,470,19,396,0.256757,0.743243,0.157447,1,quality_gate=n/a,102.686,141.985,9001,load=shed loop=103 ema=62,0,lowObs=idle,0,2,0,0,0
146,149.536,4672,8.11352,-2.32393,-89.3044,3.98966,0.426478,0.00387469,10.9054,27.1145,30394,112095,81701,17151,1771,8,EXPAND_MAP,EXPLORATION_FRONTIER,EXPLORE,FORWARD,frontier-route,ROUTE_COMMIT:route commit: fron t=22.0s d=0.00/0.00,1,frontier,11,1.66387,wavefront frontier cost=1.66m len=11 score=192.3 comp=0 fp=776/0.00 cont=0.0 wall=0.0 seg=point geom first=23deg corne commitType=frontier intent=EXPAND_MAP fr=171 exploreRoute=frontier-only cost=2. noise=cache43:obs-1/ defer=65 plan=142ms/9001,0,0,0,,,,,,,,,,,,,,,,,89.7463,141.985,9001,load=shed loop=90 ema=59,0,lowObs=idle,0,2,0,0,0
147,150.56,4704,8.1147,-2.42077,-89.3044,3.99084,0.329614,0.00387199,11.0022,27.1498,31269,115172,83903,17988,436,5,EXPAND_MAP,EXPLORATION_FRONTIER,EXPLORE,FORWARD,frontier-route,ROUTE_COMMIT:route commit: fron t=22.0s d=0.00/0.00,1,frontier,11,1.66387,wavefront frontier cost=0.51m len=4 score=102.0 comp=0 fp=941/0.00 cont=0.0 wall=0.0 seg=point geom first=27deg corne commitType=frontier intent=EXPAND_MAP fr=179 exploreRoute=frontier-only cost=2. noise=cache16:obs-1/ defer=73 plan=199ms/1105,0,0,0,,,,,,,,,,,,,,,,,201.047,198.714,1105,load=shed loop=201 ema=74,0,lowObs=idle,0,2,0,0,0
148,151.584,4736,8.11572,-2.51761,-89.6055,3.99186,0.23275,0.00386867,11.0991,27.1498,31269,115172,83903,17988,436,5,EXPAND_MAP,EXPLORATION_FRONTIER,EXPLORE,FORWARD,frontier-route,ROUTE_COMMIT:route commit: fron t=22.0s d=0.00/0.00,1,frontier,11,1.66387,wavefront frontier cost=0.51m len=4 score=102.0 comp=0 fp=941/0.00 cont=0.0 wall=0.0 seg=point geom first=27deg corne commitType=frontier intent=EXPAND_MAP fr=179 exploreRoute=frontier-only cost=2. noise=cache16:obs-1/ defer=73 plan=199ms/1105,0,0,0,,,,,,,,,,,,,,,,,98.642,198.714,1105,load=shed loop=99 ema=76,0,lowObs=idle,0,2,0,0,0
149,152.608,4768,8.11607,-2.56906,-89.6055,3.99221,0.181283,0.00386763,11.1505,27.1498,31269,115172,83903,17988,436,5,EXPAND_MAP,EXPLORATION_FRONTIER,EXPLORE,SCAN_AROUND,frontier-route,SCAN_AROUND:active RGB-D scan: t=5.8s d=0.00/0.00,1,frontier,11,1.66387,wavefront frontier cost=0.51m len=4 score=102.0 comp=0 fp=941/0.00 cont=0.0 wall=0.0 seg=point geom first=27deg corne commitType=frontier intent=EXPAND_MAP fr=179 exploreRoute=frontier-only cost=2. noise=cache16:obs-1/ defer=73 plan=199ms/1105,0,0,0,,,,,,,,,,,,,,,,,60.7361,198.714,1105,load=shed loop=61 ema=29,0,lowObs=idle,0,2,0,0,0
150,153.632,4800,8.11607,-2.56906,-106.886,3.99219,0.18127,0.00388883,11.1505,27.1498,31269,115172,83903,17988,436,5,EXPAND_MAP,EXPLORATION_FRONTIER,EXPLORE,SCAN_AROUND,frontier-route,SCAN_AROUND:active RGB-D scan: t=5.8s d=0.00/0.00,1,frontier,11,1.66387,wavefront frontier cost=0.51m len=4 score=102.0 comp=0 fp=941/0.00 cont=0.0 wall=0.0 seg=point geom first=27deg corne commitType=frontier intent=EXPAND_MAP fr=179 exploreRoute=frontier-only cost=2. noise=cache16:obs-1/ defer=73 plan=199ms/1105,0,0,0,89,89,92,0,0,89,0,0,485,19,396,0.213483,0.786517,0.183505,1,quality_gate=n/a,148.161,198.714,1105,load=shed loop=148 ema=40,0,lowObs=idle,0,2,0,0,0
151,154.656,4832,8.11607,-2.56906,-115.93,3.99218,0.181276,0.0039001,11.1505,27.1498,31269,115172,83903,17988,436,5,EXPAND_MAP,EXPLORATION_FRONTIER,EXPLORE,SCAN_AROUND,frontier-route,SCAN_AROUND:active RGB-D scan: t=5.8s d=0.00/0.00,1,frontier,11,1.66387,wavefront frontier cost=0.51m len=4 score=102.0 comp=0 fp=941/0.00 cont=0.0 wall=0.0 seg=point geom first=27deg corne commitType=frontier intent=EXPAND_MAP fr=179 exploreRoute=frontier-only cost=2. noise=cache16:obs-1/ defer=73 plan=199ms/1105,0,0,0,,,,,,,,,,,,,,,,,66.0404,198.714,1105,load=shed loop=66 ema=34,0,lowObs=idle,0,2,0,0,0
152,155.68,4864,8.11607,-2.56906,-115.067,3.99218,0.181273,0.00389975,11.1505,27.1498,31269,115172,83903,17988,436,5,EXPAND_MAP,EXPLORATION_FRONTIER,EXPLORE,SCAN_AROUND,frontier-route,SCAN_AROUND:active RGB-D scan: t=5.8s d=0.00/0.00,1,frontier,11,1.66387,wavefront frontier cost=0.51m len=4 score=102.0 comp=0 fp=941/0.00 cont=0.0 wall=0.0 seg=point geom first=27deg corne commitType=frontier intent=EXPAND_MAP fr=179 exploreRoute=frontier-only cost=2. noise=cache16:obs-1/ defer=73 plan=199ms/1105,0,0,0,,,,,,,,,,,,,,,,,64.1346,198.714,1105,load=shed loop=64 ema=28,0,lowObs=idle,0,2,0,0,0
153,156.704,4896,8.11607,-2.56906,-95.7311,3.9922,0.181266,0.00387442,11.1505,27.1498,31269,115172,83903,17988,436,5,EXPAND_MAP,EXPLORATION_FRONTIER,EXPLORE,SCAN_AROUND,frontier-route,SCAN_AROUND:active RGB-D scan: t=5.8s d=0.00/0.00,1,frontier,11,1.66387,wavefront frontier cost=0.51m len=4 score=102.0 comp=0 fp=941/0.00 cont=0.0 wall=0.0 seg=point geom first=27deg corne commitType=frontier intent=EXPAND_MAP fr=179 exploreRoute=frontier-only cost=2. noise=cache16:obs-1/ defer=73 plan=199ms/1105,0,0,0,,,,,,,,,,,,,,,,,66.6066,198.714,1105,load=shed loop=67 ema=28,0,lowObs=idle,0,2,0,0,0
154,157.728,4928,8.11607,-2.56906,-76.7865,3.99223,0.181262,0.00384927,11.1505,27.1498,31269,115172,83903,17988,436,5,EXPAND_MAP,EXPLORATION_FRONTIER,EXPLORE,SCAN_AROUND,frontier-route,SCAN_AROUND:active RGB-D scan: t=5.8s d=0.00/0.00,1,frontier,11,1.66387,wavefront frontier cost=0.51m len=4 score=102.0 comp=0 fp=941/0.00 cont=0.0 wall=0.0 seg=point geom first=27deg corne commitType=frontier intent=EXPAND_MAP fr=179 exploreRoute=frontier-only cost=2. noise=cache16:obs-1/ defer=73 plan=199ms/1105,0,0,0,,,,,,,,,,,,,,,,,90.858,198.714,1105,load=shed loop=91 ema=34,0,lowObs=idle,0,2,0,0,0
155,158.752,4960,8.11607,-2.56906,-81.5234,3.99222,0.181249,0.00385471,11.1505,26.8249,32074,119568,87494,19734,358,4,EXPAND_MAP,EXPLORATION_FRONTIER,EXPLORE,GRID_REALIGN,fallback,GRID_REALIGN:hard-core heading  t=2.2s d=0.00/0.00,0,none,0,-1,wavefront frontier cost=1.66m len=11 score=83.3 comp=0 fp=817/0.00 cont=0.0 wall=0.0 seg=point geom first=37deg corne commitType=frontier intent=EXPAND_MAP fr=197 exploreRoute=frontier-only cost=2. noise=cache5:obs-1/1 defer=131 plan=97ms/2623,0,0,0,89,89,92,0,0,89,0,0,486,19,397,0.213483,0.786517,0.183128,1,quality_gate=n/a,76.3192,97.2297,2623,load=shed loop=76 ema=92,0,lowObs=idle,0,2,0,0,0
156,159.776,4992,8.11607,-2.56906,-88.045,3.99221,0.181249,0.00386336,11.1505,26.8249,32074,119568,87494,19734,358,4,EXPAND_MAP,EXPLORATION_FRONTIER,EXPLORE,RGBD_SNAPSHOT,frontier-hold,RGBD_SNAPSHOT:RGB-D snapshot set t=1.4s d=0.00/0.00,0,none,0,-1,wavefront frontier cost=1.66m len=11 score=83.7 comp=0 fp=817/0.00 cont=0.0 wall=0.0 seg=point geom first=32deg corne commitType=frontier intent=EXPAND_MAP fr=197 exploreRoute=frontier-only cost=2. noise=cache22:obs-1/ defer=131 plan=122ms/9001,0,0,0,,,,,,,,,,,,,,,,,66.1543,122.489,9001,load=shed loop=66 ema=32,0,lowObs=idle,0,2,0,0,0
157,160.8,5024,8.11678,-2.59023,-88.1954,3.99292,0.160104,0.00386339,11.1717,26.8249,32074,119568,87494,19734,358,4,EXPAND_MAP,EXPLORATION_FRONTIER,EXPLORE,FORWARD,frontier-route,ROUTE_COMMIT:route commit: fron t=22.0s d=0.00/0.00,1,frontier,11,1.66387,wavefront frontier cost=1.66m len=11 score=84.0 comp=0 fp=817/0.00 cont=0.0 wall=0.0 seg=point geom first=29deg corne commitType=frontier intent=EXPAND_MAP fr=197 exploreRoute=frontier-only cost=2. noise=cache67:obs-1/ defer=131 plan=225ms/9001,0,0,0,,,,,,,,,,,,,,,,,90.014,225.008,9001,load=shed loop=90 ema=121,0,lowObs=idle,0,2,0,0,0
158,161.824,5056,8.11876,-2.68705,-89.5476,3.99491,0.0632232,0.00385336,11.2685,26.8249,32074,119568,87494,19734,358,4,EXPAND_MAP,EXPLORATION_FRONTIER,EXPLORE,FORWARD,frontier-route,ROUTE_COMMIT:route commit: fron t=22.0s d=0.00/0.00,1,frontier,11,1.66387,wavefront frontier cost=1.66m len=11 score=84.0 comp=0 fp=817/0.00 cont=0.0 wall=0.0 seg=point geom first=29deg corne commitType=frontier intent=EXPAND_MAP fr=197 exploreRoute=frontier-only cost=2. noise=cache67:obs-1/ defer=131 plan=225ms/9001,0,0,0,,,,,,,,,,,,,,,,,82.9918,225.008,9001,load=shed loop=83 ema=59,0,lowObs=idle,0,2,0,0,0
159,162.848,5088,8.11873,-2.7839,-90.1483,3.99488,-0.0336466,0.00385776,11.3654,26.8249,32074,119568,87494,19734,358,4,EXPAND_MAP,EXPLORATION_FRONTIER,EXPLORE,FORWARD,frontier-route,ROUTE_COMMIT:route commit: fron t=22.0s d=0.00/0.00,1,frontier,11,1.66387,wavefront frontier cost=1.66m len=11 score=84.0 comp=0 fp=817/0.00 cont=0.0 wall=0.0 seg=point geom first=29deg corne commitType=frontier intent=EXPAND_MAP fr=197 exploreRoute=frontier-only cost=2. noise=cache67:obs-1/ defer=131 plan=225ms/9001,0,0,0,,,,,,,,,,,,,,,,,146.755,225.008,9001,load=shed loop=147 ema=64,0,lowObs=idle,0,2,0,0,0
160,163.872,5120,8.11848,-2.88074,-90.1483,3.99463,-0.130517,0.0038564,11.4622,26.8249,32074,119568,87494,19734,358,4,EXPAND_MAP,EXPLORATION_FRONTIER,EXPLORE,FORWARD,frontier-route,ROUTE_COMMIT:route commit: fron t=22.0s d=0.00/0.00,1,frontier,11,1.66387,wavefront frontier cost=1.66m len=11 score=84.0 comp=0 fp=817/0.00 cont=0.0 wall=0.0 seg=point geom first=29deg corne commitType=frontier intent=EXPAND_MAP fr=197 exploreRoute=frontier-only cost=2. noise=cache67:obs-1/ defer=131 plan=225ms/9001,0,0,0,128,128,131,0,0,128,0,0,487,58,398,0.453125,0.546875,0.182752,1,quality_gate=n/a,98.8063,225.008,9001,load=shed loop=99 ema=61,0,lowObs=idle,0,2,0,0,0
161,164.896,5152,8.11823,-2.97759,-90.1483,3.99438,-0.227387,0.00385519,11.5591,26.8249,32074,119568,87494,19734,358,4,EXPAND_MAP,EXPLORATION_FRONTIER,EXPLORE,FORWARD,frontier-route,ROUTE_COMMIT:route commit: fron t=22.0s d=0.00/0.00,1,frontier,11,1.66387,wavefront frontier cost=1.66m len=11 score=84.0 comp=0 fp=817/0.00 cont=0.0 wall=0.0 seg=point geom first=29deg corne commitType=frontier intent=EXPAND_MAP fr=197 exploreRoute=frontier-only cost=2. noise=cache67:obs-1/ defer=131 plan=225ms/9001,0,0,0,,,,,,,,,,,,,,,,,114.874,225.008,9001,load=shed loop=115 ema=61,0,lowObs=idle,0,2,0,0,0
162,165.92,5184,8.11798,-3.07443,-90.1483,3.99413,-0.324257,0.00385414,11.6559,26.8249,32074,119568,87494,19734,358,4,EXPAND_MAP,EXPLORATION_FRONTIER,EXPLORE,FORWARD,frontier-route,ROUTE_COMMIT:route commit: fron t=22.0s d=0.00/0.00,1,frontier,11,1.66387,wavefront frontier cost=1.66m len=11 score=84.0 comp=0 fp=817/0.00 cont=0.0 wall=0.0 seg=point geom first=29deg corne commitType=frontier intent=EXPAND_MAP fr=197 exploreRoute=frontier-only cost=2. noise=cache67:obs-1/ defer=131 plan=225ms/9001,0,0,0,,,,,,,,,,,,,,,,,150.291,225.008,9001,load=shed loop=150 ema=66,0,lowObs=idle,0,2,0,0,0
163,166.944,5216,8.11773,-3.17128,-90.1483,3.99387,-0.421127,0.00385324,11.7528,26.9189,33370,123965,90595,19986,388,5,EXPAND_MAP,EXPLORATION_FRONTIER,EXPLORE,FORWARD,frontier-route,ROUTE_COMMIT:route commit: fron t=22.0s d=0.00/0.00,1,frontier,11,1.66387,wavefront frontier cost=1.17m len=8 score=91.4 comp=0 fp=896/0.00 cont=0.0 wall=0.0 seg=point geom first=23deg corne commitType=frontier intent=EXPAND_MAP fr=199 exploreRoute=frontier-only cost=2. noise=cache40:obs-1/ defer=104 plan=200ms/1401,0,0,0,,,,,,,,,,,,,,,,,98.2158,199.562,1401,load=shed loop=98 ema=86,0,lowObs=idle,0,2,0,0,0
164,167.968,5248,8.11748,-3.26813,-90.1483,3.99362,-0.517997,0.00385251,11.8496,26.9189,33370,123965,90595,19986,388,5,EXPAND_MAP,EXPLORATION_FRONTIER,EXPLORE,FORWARD,frontier-route,ROUTE_COMMIT:route commit: fron t=22.0s d=0.00/0.00,1,frontier,11,1.66387,wavefront frontier cost=1.17m len=8 score=91.4 comp=0 fp=896/0.00 cont=0.0 wall=0.0 seg=point geom first=23deg corne commitType=frontier intent=EXPAND_MAP fr=199 exploreRoute=frontier-only cost=2. noise=cache40:obs-1/ defer=104 plan=200ms/1401,0,0,0,,,,,,,,,,,,,,,,,86.4891,199.562,1401,load=shed loop=86 ema=64,0,lowObs=idle,0,2,0,0,0
165,168.992,5280,8.11723,-3.36497,-90.1483,3.99337,-0.614867,0.00385192,11.9465,26.9189,33370,123965,90595,19986,388,5,EXPAND_MAP,EXPLORATION_FRONTIER,EXPLORE,FORWARD,frontier-route,ROUTE_COMMIT:route commit: fron t=22.0s d=0.00/0.00,1,frontier,11,1.66387,wavefront frontier cost=1.17m len=8 score=91.4 comp=0 fp=896/0.00 cont=0.0 wall=0.0 seg=point geom first=23deg corne commitType=frontier intent=EXPAND_MAP fr=199 exploreRoute=frontier-only cost=2. noise=cache40:obs-1/ defer=104 plan=200ms/1401,0,0,0,128,128,131,0,0,128,0,0,487,58,398,0.453125,0.546875,0.182752,1,quality_gate=n/a,251.055,199.562,1401,load=shed loop=251 ema=88,0,lowObs=idle,0,2,0,0,0
166,170.016,5312,8.11698,-3.46182,-90.1483,3.99312,-0.711737,0.00385149,12.0433,26.9189,33370,123965,90595,19986,388,5,EXPAND_MAP,EXPLORATION_FRONTIER,EXPLORE,FORWARD,frontier-route,ROUTE_COMMIT:route commit: fron t=22.0s d=0.00/0.00,1,frontier,11,1.66387,wavefront frontier cost=1.17m len=8 score=91.4 comp=0 fp=896/0.00 cont=0.0 wall=0.0 seg=point geom first=23deg corne commitType=frontier intent=EXPAND_MAP fr=199 exploreRoute=frontier-only cost=2. noise=cache40:obs-1/ defer=104 plan=200ms/1401,0,0,0,,,,,,,,,,,,,,,,,81.9795,199.562,1401,load=shed loop=82 ema=62,0,lowObs=idle,0,2,0,0,0
167,171.04,5344,8.11673,-3.55866,-90.1483,3.99287,-0.808607,0.00385121,12.1401,26.9189,33370,123965,90595,19986,388,5,EXPAND_MAP,EXPLORATION_FRONTIER,EXPLORE,FORWARD,frontier-route,ROUTE_COMMIT:route commit: fron t=22.0s d=0.00/0.00,1,frontier,11,1.66387,wavefront frontier cost=1.17m len=8 score=91.4 comp=0 fp=896/0.00 cont=0.0 wall=0.0 seg=point geom first=23deg corne commitType=frontier intent=EXPAND_MAP fr=199 exploreRoute=frontier-only cost=2. noise=cache40:obs-1/ defer=104 plan=200ms/1401,0,0,0,,,,,,,,,,,,,,,,,79.9915,199.562,1401,load=shed loop=80 ema=52,0,lowObs=idle,0,2,0,0,0
168,172.064,5376,8.11649,-3.64887,-90.1483,3.99264,-0.898799,0.00385135,12.2304,26.9279,35261,130946,95685,19597,209,3,EXPAND_MAP,EXPLORATION_FRONTIER,EXPLORE,FORWARD,hybrid-row,ROW_FORWARD:cell fill after ro t=1.1s d=0.00/0.18,0,none,0,-1,wavefront frontier cost=0.84m len=6 score=89.7 comp=0 fp=936/0.00 cont=0.0 wall=0.0 seg=point geom first=26deg corne commitType=frontier intent=EXPAND_MAP fr=195 exploreRoute=frontier-only cost=2. noise=cache1:obs-1/1 defer=86 plan=181ms/238,0,0,0,,,,,,,,,,,,,,,,,162.917,181.27,238,load=shed loop=163 ema=130,0,lowObs=idle,0,2,0,0,0
169,173.088,5408,8.11616,-3.77855,-90.1483,3.9923,-1.02857,0.0038514,12.36,26.9279,35261,130946,95685,19597,209,3,EXPAND_MAP,EXPLORATION_FRONTIER,EXPLORE,FORWARD,hybrid-row,ROW_FORWARD:cell fill after ro t=1.1s d=0.00/0.18,0,none,0,-1,wavefront frontier cost=1.00m len=7 score=93.5 comp=0 fp=907/0.00 cont=0.0 wall=0.0 seg=point geom first=26deg corne commitType=frontier intent=EXPAND_MAP fr=195 exploreRoute=frontier-only cost=2. noise=cache38:obs-1/ defer=84 plan=84ms/434,0,0,0,,,,,,,,,,,,,,,,,976.772,83.9653,434,load=shed loop=977 ema=209,0,lowObs=idle,0,2,0,0,0
170,174.112,5440,8.11587,-3.88979,-90.1483,3.99201,-1.13986,0.00385214,12.4713,26.9279,35261,130946,95685,19597,209,3,EXPAND_MAP,EXPLORATION_FRONTIER,EXPLORE,FORWARD,frontier-route,ROUTE_COMMIT:route commit: fron t=22.0s d=0.00/0.00,1,frontier,7,1.00323,wavefront frontier cost=1.00m len=7 score=93.5 comp=0 fp=907/0.00 cont=0.0 wall=0.0 seg=point geom first=26deg corne commitType=frontier intent=EXPAND_MAP fr=195 exploreRoute=frontier-only cost=2. noise=cache38:obs-1/ defer=84 plan=84ms/434,0,0,0,128,128,131,0,0,128,0,0,487,58,398,0.453125,0.546875,0.182752,1,quality_gate=n/a,159.192,83.9653,434,load=shed loop=159 ema=67,0,lowObs=idle,0,2,0,0,0
171,175.136,5472,8.11562,-3.98664,-90.1483,3.99176,-1.23673,0.00385278,12.5681,26.9279,35261,130946,95685,19597,209,3,EXPAND_MAP,EXPLORATION_FRONTIER,EXPLORE,FORWARD,frontier-route,ROUTE_COMMIT:route commit: fron t=22.0s d=0.00/0.00,1,frontier,7,1.00323,wavefront frontier cost=1.00m len=7 score=93.5 comp=0 fp=907/0.00 cont=0.0 wall=0.0 seg=point geom first=26deg corne commitType=frontier intent=EXPAND_MAP fr=195 exploreRoute=frontier-only cost=2. noise=cache38:obs-1/ defer=84 plan=84ms/434,0,0,0,,,,,,,,,,,,,,,,,138.631,83.9653,434,load=shed loop=139 ema=60,0,lowObs=idle,0,2,0,0,0
172,176.16,5504,8.11537,-4.08348,-90.1483,3.99151,-1.3336,0.00385358,12.665,26.9279,35261,130946,95685,19597,209,3,EXPAND_MAP,EXPLORATION_FRONTIER,EXPLORE,FORWARD,frontier-route,ROUTE_COMMIT:route commit: fron t=22.0s d=0.00/0.00,1,frontier,7,1.00323,wavefront frontier cost=1.00m len=7 score=93.5 comp=0 fp=907/0.00 cont=0.0 wall=0.0 seg=point geom first=26deg corne commitType=frontier intent=EXPAND_MAP fr=195 exploreRoute=frontier-only cost=2. noise=cache38:obs-1/ defer=84 plan=84ms/434,0,0,0,,,,,,,,,,,,,,,,,77.1563,83.9653,434,load=shed loop=77 ema=57,0,lowObs=idle,0,2,0,0,0
173,177.184,5536,8.11509,-4.19324,-90.1483,3.99123,-1.44339,0.00385525,12.7747,27.3905,36626,133718,97092,17491,209,3,EXPAND_MAP,EXPLORATION_FRONTIER,EXPLORE,FORWARD,hybrid-row,ROW_FORWARD:cell fill after ro t=1.1s d=0.00/0.18,0,none,0,-1,wavefront frontier cost=0.84m len=6 score=95.3 comp=0 fp=941/0.00 cont=0.0 wall=0.0 seg=point geom first=27deg corne commitType=frontier intent=EXPAND_MAP fr=174 exploreRoute=frontier-only cost=2. noise=cache18:obs-1/ defer=83 plan=82ms/304,0,0,0,,,,,,,,,,,,,,,,,100.794,82.392,304,load=shed loop=101 ema=72,0,lowObs=idle,0,2,0,0,0
174,178.208,5568,8.11476,-4.31777,-90.1483,3.99091,-1.56799,0.00385899,12.8993,27.3905,36626,133718,97092,17491,209,3,EXPAND_MAP,EXPLORATION_FRONTIER,EXPLORE,FORWARD,frontier-route,ROUTE_COMMIT:route commit: fron t=22.0s d=0.00/0.00,1,frontier,6,0.838867,wavefront frontier cost=0.84m len=6 score=96.3 comp=0 fp=936/0.00 cont=0.0 wall=0.0 seg=point geom first=27deg corne commitType=frontier intent=EXPAND_MAP fr=174 exploreRoute=frontier-only cost=2. noise=cache41:obs-1/ defer=81 plan=123ms/9001,0,0,0,,,,,,,,,,,,,,,,,132.516,122.721,9001,load=shed loop=133 ema=63,0,lowObs=idle,0,2,0,0,0
175,179.232,5600,8.11451,-4.41461,-90.1483,3.99065,-1.66485,0.00385981,12.9961,27.3905,36626,133718,97092,17491,209,3,EXPAND_MAP,EXPLORATION_FRONTIER,EXPLORE,FORWARD,frontier-route,ROUTE_COMMIT:route commit: fron t=22.0s d=0.00/0.00,1,frontier,6,0.838867,wavefront frontier cost=0.84m len=6 score=96.3 comp=0 fp=936/0.00 cont=0.0 wall=0.0 seg=point geom first=27deg corne commitType=frontier intent=EXPAND_MAP fr=174 exploreRoute=frontier-only cost=2. noise=cache41:obs-1/ defer=81 plan=123ms/9001,0,0,0,128,128,131,0,0,128,0,0,487,58,398,0.453125,0.546875,0.182752,1,quality_gate=n/a,132.229,122.721,9001,load=shed loop=132 ema=64,0,lowObs=idle,0,2,0,0,0
176,180.256,5632,8.11432,-4.48725,-90.1483,3.99047,-1.73753,0.00386306,13.0687,27.3905,36626,133718,97092,17491,209,3,EXPAND_MAP,EXPLORATION_FRONTIER,EXPLORE,SCAN_AROUND,frontier-route,SCAN_AROUND:active RGB-D scan: t=5.8s d=0.00/0.00,1,frontier,6,0.838867,wavefront frontier cost=0.84m len=6 score=96.3 comp=0 fp=936/0.00 cont=0.0 wall=0.0 seg=point geom first=27deg corne commitType=frontier intent=EXPAND_MAP fr=174 exploreRoute=frontier-only cost=2. noise=cache41:obs-1/ defer=81 plan=123ms/9001,0,0,0,,,,,,,,,,,,,,,,,59.8384,122.721,9001,load=shed loop=60 ema=42,0,lowObs=idle,0,2,0,0,0
177,181.28,5664,8.11432,-4.48725,-104.478,3.99045,-1.73751,0.00388048,13.0687,27.3905,36626,133718,97092,17491,209,3,EXPAND_MAP,EXPLORATION_FRONTIER,EXPLORE,SCAN_AROUND,frontier-route,SCAN_AROUND:active RGB-D scan: t=5.8s d=0.00/0.00,1,frontier,6,0.838867,wavefront frontier cost=0.84m len=6 score=96.3 comp=0 fp=936/0.00 cont=0.0 wall=0.0 seg=point geom first=27deg corne commitType=frontier intent=EXPAND_MAP fr=174 exploreRoute=frontier-only cost=2. noise=cache41:obs-1/ defer=81 plan=123ms/9001,0,0,0,,,,,,,,,,,,,,,,,78.3576,122.721,9001,load=shed loop=78 ema=31,0,lowObs=idle,0,2,0,0,0
178,182.304,5696,8.11432,-4.48725,-114.716,3.99044,-1.73751,0.00389286,13.0687,27.3905,36626,133718,97092,17491,209,3,EXPAND_MAP,EXPLORATION_FRONTIER,EXPLORE,SCAN_AROUND,frontier-route,SCAN_AROUND:active RGB-D scan: t=5.8s d=0.00/0.00,1,frontier,6,0.838867,wavefront frontier cost=0.84m len=6 score=96.3 comp=0 fp=936/0.00 cont=0.0 wall=0.0 seg=point geom first=27deg corne commitType=frontier intent=EXPAND_MAP fr=174 exploreRoute=frontier-only cost=2. noise=cache41:obs-1/ defer=81 plan=123ms/9001,0,0,0,,,,,,,,,,,,,,,,,61.2368,122.721,9001,load=shed loop=61 ema=30,0,lowObs=idle,0,2,0,0,0
179,183.328,5728,8.11432,-4.48725,-119.235,3.99043,-1.73752,0.00389817,13.0687,28.2019,37781,133966,96185,17248,209,3,EXPAND_MAP,EXPLORATION_FRONTIER,EXPLORE,SCAN_AROUND,frontier-route,SCAN_AROUND:active RGB-D scan: t=5.8s d=0.00/0.00,1,frontier,6,0.838867,wavefront frontier cost=1.16m len=8 score=83.3 comp=0 fp=826/0.00 cont=0.0 wall=0.0 seg=point geom first=74deg corne commitType=frontier intent=EXPAND_MAP fr=172 exploreRoute=frontier-only cost=2. noise=cache64:obs-1/ defer=166 plan=175ms/1088,0,0,0,,,,,,,,,,,,,,,,,121.021,174.57,1088,load=shed loop=121 ema=76,0,lowObs=idle,0,2,0,0,0
180,184.352,5760,8.11432,-4.48725,-100.504,3.99045,-1.73753,0.00387642,13.0687,28.2019,37781,133966,96185,17248,209,3,EXPAND_MAP,EXPLORATION_FRONTIER,EXPLORE,SCAN_AROUND,frontier-route,SCAN_AROUND:active RGB-D scan: t=5.8s d=0.00/0.00,1,frontier,6,0.838867,wavefront frontier cost=1.16m len=8 score=83.3 comp=0 fp=826/0.00 cont=0.0 wall=0.0 seg=point geom first=74deg corne commitType=frontier intent=EXPAND_MAP fr=172 exploreRoute=frontier-only cost=2. noise=cache64:obs-1/ defer=166 plan=175ms/1088,0,0,0,128,128,131,0,0,128,0,0,487,58,398,0.453125,0.546875,0.182752,1,quality_gate=n/a,149.762,174.57,1088,load=shed loop=150 ema=41,0,lowObs=idle,0,2,0,0,0
181,185.376,5792,8.11432,-4.48725,-81.1709,3.99048,-1.73753,0.0038512,13.0687,28.2019,37781,133966,96185,17248,209,3,EXPAND_MAP,EXPLORATION_FRONTIER,EXPLORE,SCAN_AROUND,frontier-route,SCAN_AROUND:active RGB-D scan: t=5.8s d=0.00/0.00,1,frontier,6,0.838867,wavefront frontier cost=1.16m len=8 score=83.3 comp=0 fp=826/0.00 cont=0.0 wall=0.0 seg=point geom first=74deg corne commitType=frontier intent=EXPAND_MAP fr=172 exploreRoute=frontier-only cost=2. noise=cache64:obs-1/ defer=166 plan=175ms/1088,0,0,0,,,,,,,,,,,,,,,,,55.7934,174.57,1088,load=shed loop=56 ema=27,0,lowObs=idle,0,2,0,0,0
182,186.4,5824,8.11432,-4.48725,-79.9743,3.99048,-1.73754,0.00385079,13.0687,28.1622,37781,134155,96374,17714,209,3,EXPAND_MAP,EXPLORATION_FRONTIER,EXPLORE,GRID_REALIGN,fallback,GRID_REALIGN:hard-core heading  t=2.2s d=0.00/0.00,0,none,0,-1,wavefront frontier cost=1.16m len=8 score=80.2 comp=0 fp=941/-0.00 cont=0.0 wall=0.0 seg=point geom first=119deg corn commitType=frontier intent=EXPAND_MAP fr=177 exploreRoute=frontier-only cost=2. noise=cache8:obs-1/1 defer=166 plan=191ms/1102,0,0,0,,,,,,,,,,,,,,,,,88.8283,191.097,1102,load=shed loop=89 ema=40,0,lowObs=idle,0,2,0,0,0
183,187.424,5856,8.11432,-4.48725,-87.8375,3.99047,-1.73754,0.00386183,13.0687,28.1622,37781,134155,96374,17714,209,3,EXPAND_MAP,EXPLORATION_FRONTIER,EXPLORE,RGBD_SNAPSHOT,frontier-hold,RGBD_SNAPSHOT:RGB-D snapshot set t=1.4s d=0.00/0.00,0,none,0,-1,wavefront frontier cost=1.16m len=8 score=79.0 comp=0 fp=941/-0.00 cont=0.0 wall=0.0 seg=point geom first=108deg corn commitType=frontier intent=EXPAND_MAP fr=177 exploreRoute=frontier-only cost=2. noise=cache43:obs-1/ defer=166 plan=75ms/370,0,0,0,,,,,,,,,,,,,,,,,71.1303,75.1909,370,load=shed loop=71 ema=44,0,lowObs=idle,0,2,0,0,0
184,188.448,5888,8.11432,-4.48725,-88.751,3.99047,-1.73754,0.00386114,13.0687,28.1429,37781,134247,96466,17644,209,3,EXPAND_MAP,EXPLORATION_FRONTIER,EXPLORE,FORWARD,hybrid-row,ROW_FORWARD:row forward after  t=2.2s d=0.00/0.28,0,none,0,-1,wavefront frontier cost=1.16m len=8 score=81.1 comp=0 fp=941/-0.00 cont=0.0 wall=0.0 seg=point geom first=105deg corn commitType=frontier intent=EXPAND_MAP fr=176 exploreRoute=frontier-only cost=2. noise=cache14:obs-1/ defer=163 plan=170ms/253,0,0,0,,,,,,,,,,,,,,,,,59.0072,169.604,253,load=shed loop=59 ema=154,0,lowObs=idle,0,2,0,0,0
185,189.472,5920,8.11344,-4.58879,-90.5885,3.98959,-1.83894,0.00385507,13.1703,28.1429,37781,134247,96466,17644,209,3,EXPAND_MAP,EXPLORATION_FRONTIER,EXPLORE,FORWARD,hybrid-row,ROW_FORWARD:row forward after  t=2.2s d=0.00/0.28,0,none,0,-1,wavefront frontier cost=1.16m len=8 score=81.1 comp=0 fp=941/-0.00 cont=0.0 wall=0.0 seg=point geom first=105deg corn commitType=frontier intent=EXPAND_MAP fr=176 exploreRoute=frontier-only cost=2. noise=cache14:obs-1/ defer=163 plan=170ms/253,0,0,0,128,128,131,0,0,128,0,0,487,58,398,0.453125,0.546875,0.182752,1,quality_gate=n/a,113.154,169.604,253,load=shed loop=113 ema=46,0,lowObs=idle,0,2,0,0,0
186,190.496,5952,8.11226,-4.7042,-90.5886,3.9884,-1.95439,0.00385748,13.2857,28.1429,37781,134247,96466,17644,209,3,EXPAND_MAP,EXPLORATION_FRONTIER,EXPLORE,FORWARD,hybrid-row,ROW_FORWARD:row forward after  t=2.2s d=0.00/0.28,0,none,0,-1,wavefront frontier cost=1.16m len=8 score=81.1 comp=0 fp=941/-0.00 cont=0.0 wall=0.0 seg=point geom first=105deg corn commitType=frontier intent=EXPAND_MAP fr=176 exploreRoute=frontier-only cost=2. noise=cache14:obs-1/ defer=163 plan=170ms/253,0,0,0,,,,,,,,,,,,,,,,,113.573,169.604,253,load=shed loop=114 ema=53,0,lowObs=idle,0,2,0,0,0
187,191.52,5984,8.111,-4.82708,-90.5886,3.98714,-2.07732,0.0038609,13.4086,28.1429,37781,134247,96466,17644,209,3,EXPAND_MAP,EXPLORATION_FRONTIER,EXPLORE,FORWARD,hybrid-row,ROW_FORWARD:row forward after  t=2.2s d=0.00/0.28,0,none,0,-1,wavefront frontier cost=1.16m len=8 score=81.1 comp=0 fp=941/-0.00 cont=0.0 wall=0.0 seg=point geom first=105deg corn commitType=frontier intent=EXPAND_MAP fr=176 exploreRoute=frontier-only cost=2. noise=cache14:obs-1/ defer=163 plan=170ms/253,0,0,0,,,,,,,,,,,,,,,,,92.2009,169.604,253,load=shed loop=92 ema=43,0,lowObs=idle,0,2,0,0,0
188,192.544,6016,8.10964,-4.95935,-90.5886,3.98578,-2.20966,0.00386627,13.5409,28.1429,37781,134247,96466,17644,209,3,EXPAND_MAP,EXPLORATION_FRONTIER,EXPLORE,FORWARD,hybrid-row,ROW_FORWARD:row forward after  t=2.2s d=0.00/0.28,0,none,0,-1,wavefront frontier cost=1.16m len=8 score=81.1 comp=0 fp=941/-0.00 cont=0.0 wall=0.0 seg=point geom first=105deg corn commitType=frontier intent=EXPAND_MAP fr=176 exploreRoute=frontier-only cost=2. noise=cache14:obs-1/ defer=163 plan=170ms/253,0,0,0,,,,,,,,,,,,,,,,,161.487,169.604,253,load=shed loop=161 ema=62,0,lowObs=idle,0,2,0,0,0
189,193.568,6048,8.10828,-5.09164,-90.5886,3.98442,-2.342,0.00387254,13.6732,28.1429,37781,134247,96466,17644,209,3,EXPAND_MAP,EXPLORATION_FRONTIER,EXPLORE,FORWARD,hybrid-row,ROW_FORWARD:row forward after  t=2.2s d=0.00/0.28,0,none,0,-1,wavefront frontier cost=1.16m len=8 score=81.1 comp=0 fp=941/-0.00 cont=0.0 wall=0.0 seg=point geom first=105deg corn commitType=frontier intent=EXPAND_MAP fr=176 exploreRoute=frontier-only cost=2. noise=cache14:obs-1/ defer=163 plan=170ms/253,0,0,0,,,,,,,,,,,,,,,,,137.324,169.604,253,load=shed loop=137 ema=54,0,lowObs=idle,0,2,0,0,0
190,194.592,6080,8.10692,-5.22392,-90.5886,3.98306,-2.47435,0.00387979,13.8054,28.1429,37781,134247,96466,17644,209,3,EXPAND_MAP,EXPLORATION_FRONTIER,EXPLORE,FORWARD,hybrid-row,ROW_FORWARD:row forward after  t=2.2s d=0.00/0.28,0,none,0,-1,wavefront frontier cost=1.16m len=8 score=81.1 comp=0 fp=941/-0.00 cont=0.0 wall=0.0 seg=point geom first=105deg corn commitType=frontier intent=EXPAND_MAP fr=176 exploreRoute=frontier-only cost=2. noise=cache14:obs-1/ defer=163 plan=170ms/253,0,0,0,128,128,131,0,0,128,0,0,487,58,398,0.453125,0.546875,0.182752,1,quality_gate=n/a,103.902,169.604,253,load=shed loop=104 ema=48,0,lowObs=idle,0,2,0,0,0
191,195.616,6112,8.10556,-5.3562,-90.5886,3.9817,-2.60669,0.00388803,13.9377,28.1429,37781,134247,96466,17644,209,3,EXPAND_MAP,EXPLORATION_FRONTIER,EXPLORE,FORWARD,hybrid-row,ROW_FORWARD:row forward after  t=2.2s d=0.00/0.28,0,none,0,-1,wavefront frontier cost=1.16m len=8 score=81.1 comp=0 fp=941/-0.00 cont=0.0 wall=0.0 seg=point geom first=105deg corn commitType=frontier intent=EXPAND_MAP fr=176 exploreRoute=frontier-only cost=2. noise=cache14:obs-1/ defer=163 plan=170ms/253,0,0,0,,,,,,,,,,,,,,,,,95.9144,169.604,253,load=shed loop=96 ema=47,0,lowObs=idle,0,2,0,0,0
192,196.64,6144,8.10422,-5.48619,-90.5886,3.98036,-2.73677,0.00390188,14.0677,28.1429,37781,134247,96466,17644,209,3,EXPAND_MAP,EXPLORATION_FRONTIER,EXPLORE,FORWARD,hybrid-row,ROW_FORWARD:row forward after  t=2.2s d=0.00/0.28,0,none,0,-1,wavefront frontier cost=1.16m len=8 score=81.1 comp=0 fp=941/-0.00 cont=0.0 wall=0.0 seg=point geom first=105deg corn commitType=frontier intent=EXPAND_MAP fr=176 exploreRoute=frontier-only cost=2. noise=cache14:obs-1/ defer=163 plan=170ms/253,0,0,0,,,,,,,,,,,,,,,,,104.021,169.604,253,load=shed loop=104 ema=43,0,lowObs=idle,0,2,0,0,0
193,197.664,6176,8.10342,-5.56423,-90.5886,3.97956,-2.8148,0.00389893,14.1458,30.4062,40862,134387,93525,17576,209,3,EXPAND_MAP,EXPLORATION_FRONTIER,EXPLORE,FORWARD,hybrid-row,ROW_FORWARD:row forward after  t=2.2s d=0.00/0.28,0,none,0,-1,wavefront frontier cost=1.32m len=9 score=78.6 comp=0 fp=858/-0.00 cont=0.0 wall=0.0 seg=point geom first=104deg corn commitType=frontier intent=EXPAND_MAP fr=175 exploreRoute=frontier-only cost=1. noise=cache5:obs-1/1 defer=125 plan=254ms/274,0,0,0,,,,,,,,,,,,,,,,,101.896,254.162,274,load=shed loop=102 ema=63,0,lowObs=idle,0,2,0,0,0
194,198.688,6208,8.10291,-5.61412,-106.413,3.97903,-2.86475,0.00392487,14.1957,30.4062,40862,134387,93525,17576,209,3,EXPAND_MAP,EXPLORATION_FRONTIER,EXPLORE,FORWARD,frontier-route,ROUTE_COMMIT:route commit: fron t=22.0s d=0.00/0.00,1,frontier,9,1.32477,wavefront frontier cost=1.32m len=9 score=78.6 comp=0 fp=858/-0.00 cont=0.0 wall=0.0 seg=point geom first=104deg corn commitType=frontier intent=EXPAND_MAP fr=175 exploreRoute=frontier-only cost=1. noise=cache5:obs-1/1 defer=125 plan=254ms/274,0,0,0,,,,,,,,,,,,,,,,,75.8931,254.162,274,load=shed loop=76 ema=46,0,lowObs=idle,0,2,0,0,0
195,199.712,6240,8.10291,-5.61412,-152.402,3.97899,-2.86477,0.00397101,14.1957,30.6118,41142,134399,93257,17564,209,3,EXPAND_MAP,EXPLORATION_FRONTIER,EXPLORE,FORWARD,frontier-route,ROUTE_COMMIT:route commit: fron t=22.0s d=0.00/0.00,1,frontier,9,1.32477,wavefront frontier cost=1.16m len=8 score=91.6 comp=0 fp=661/0.00 cont=0.0 wall=0.0 seg=point geom first=40deg corne commitType=frontier intent=EXPAND_MAP fr=175 exploreRoute=frontier-only cost=1. noise=cache10:obs-1/ defer=119 plan=164ms/225,0,0,0,128,128,131,0,0,128,0,0,487,58,398,0.453125,0.546875,0.182752,1,quality_gate=n/a,1016.68,164.473,225,load=shed loop=1017 ema=215,0,lowObs=idle,0,2,0,0,0
196,200.736,6272,8.10291,-5.61412,-158.138,3.97899,-2.86476,0.00396637,14.1957,30.6118,41142,134399,93257,17564,209,3,EXPAND_MAP,EXPLORATION_FRONTIER,EXPLORE,RGBD_SNAPSHOT,frontier-route,RGBD_SNAPSHOT:RGB-D snapshot set t=1.4s d=0.00/0.00,1,frontier,9,1.32477,wavefront frontier cost=1.16m len=8 score=91.6 comp=0 fp=661/0.00 cont=0.0 wall=0.0 seg=point geom first=40deg corne commitType=frontier intent=EXPAND_MAP fr=175 exploreRoute=frontier-only cost=1. noise=cache10:obs-1/ defer=119 plan=164ms/225,0,0,0,,,,,,,,,,,,,,,,,124.901,164.473,225,load=shed loop=125 ema=72,0,lowObs=idle,0,2,0,0,0
197,201.76,6304,8.01856,-5.6377,-170.578,3.89471,-2.88838,0.00390472,14.2834,30.6118,41142,134399,93257,17564,209,3,EXPAND_MAP,EXPLORATION_FRONTIER,EXPLORE,FORWARD,frontier-route,ROW_FORWARD:row forward after  t=2.2s d=0.00/0.28,1,frontier,9,1.32477,wavefront frontier cost=1.16m len=8 score=91.6 comp=0 fp=661/0.00 cont=0.0 wall=0.0 seg=point geom first=40deg corne commitType=frontier intent=EXPAND_MAP fr=175 exploreRoute=frontier-only cost=1. noise=cache10:obs-1/ defer=119 plan=164ms/225,0,0,0,,,,,,,,,,,,,,,,,73.5388,164.473,225,load=shed loop=74 ema=52,0,lowObs=idle,0,2,0,0,0
198,202.784,6336,7.93329,-5.64255,175.704,3.8093,-2.89322,0.00404778,14.369,30.6118,41142,134399,93257,17564,209,3,EXPAND_MAP,EXPLORATION_FRONTIER,EXPLORE,FORWARD,frontier-route,ROW_FORWARD:row forward after  t=2.2s d=0.00/0.28,1,frontier,9,1.32477,wavefront frontier cost=1.16m len=8 score=91.6 comp=0 fp=661/0.00 cont=0.0 wall=0.0 seg=point geom first=40deg corne commitType=frontier intent=EXPAND_MAP fr=175 exploreRoute=frontier-only cost=1. noise=cache10:obs-1/ defer=119 plan=164ms/225,0,0,0,,,,,,,,,,,,,,,,,104.47,164.473,225,load=shed loop=104 ema=52,0,lowObs=idle,0,2,0,0,0
199,203.808,6368,7.88258,-5.63257,162.024,3.75859,-2.88322,0.00404695,14.4208,30.6118,41142,134399,93257,17564,209,3,EXPAND_MAP,EXPLORATION_FRONTIER,EXPLORE,FORWARD,frontier-route,ROW_FORWARD:row forward after  t=2.2s d=0.00/0.28,1,frontier,9,1.32477,wavefront frontier cost=1.16m len=8 score=91.6 comp=0 fp=661/0.00 cont=0.0 wall=0.0 seg=point geom first=40deg corne commitType=frontier intent=EXPAND_MAP fr=175 exploreRoute=frontier-only cost=1. noise=cache10:obs-1/ defer=119 plan=164ms/225,0,0,0,,,,,,,,,,,,,,,,,81.1713,164.473,225,load=shed loop=81 ema=49,0,lowObs=idle,0,2,0,0,0
200,204.832,6400,7.82366,-5.61286,166.145,3.69976,-2.86346,0.00394076,14.483,30.6118,41142,134399,93257,17564,209,3,EXPAND_MAP,EXPLORATION_FRONTIER,EXPLORE,FORWARD,frontier-route,ROW_FORWARD:row forward after  t=2.2s d=0.00/0.28,1,frontier,9,1.32477,wavefront frontier cost=1.16m len=8 score=91.6 comp=0 fp=661/0.00 cont=0.0 wall=0.0 seg=point geom first=40deg corne commitType=frontier intent=EXPAND_MAP fr=175 exploreRoute=frontier-only cost=1. noise=cache10:obs-1/ defer=119 plan=164ms/225,0,0,0,128,128,131,0,0,128,0,0,495,54,400,0.421875,0.578125,0.191919,1,quality_gate=n/a,105.011,164.473,225,load=shed loop=105 ema=52,0,lowObs=idle,0,2,0,0,0
201,205.856,6432,7.72777,-5.60106,179.823,3.60383,-2.85164,0.00398539,14.5799,30.6118,41142,134399,93257,17564,209,3,EXPAND_MAP,EXPLORATION_FRONTIER,EXPLORE,FORWARD,frontier-route,ROW_FORWARD:row forward after  t=2.2s d=0.00/0.28,1,frontier,9,1.32477,wavefront frontier cost=1.16m len=8 score=91.6 comp=0 fp=661/0.00 cont=0.0 wall=0.0 seg=point geom first=40deg corne commitType=frontier intent=EXPAND_MAP fr=175 exploreRoute=frontier-only cost=1. noise=cache10:obs-1/ defer=119 plan=164ms/225,0,0,0,,,,,,,,,,,,,,,,,95.3941,164.473,225,load=shed loop=95 ema=48,0,lowObs=idle,0,2,0,0,0
202,206.88,6464,7.63182,-5.61227,-166.667,3.50783,-2.86284,0.00402938,14.6767,30.6118,41142,134399,93257,17564,209,3,EXPAND_MAP,EXPLORATION_FRONTIER,EXPLORE,FORWARD,frontier-route,ROW_FORWARD:row forward after  t=2.2s d=0.00/0.28,1,frontier,9,1.32477,wavefront frontier cost=1.16m len=8 score=91.6 comp=0 fp=661/0.00 cont=0.0 wall=0.0 seg=point geom first=40deg corne commitType=frontier intent=EXPAND_MAP fr=175 exploreRoute=frontier-only cost=1. noise=cache10:obs-1/ defer=119 plan=164ms/225,0,0,0,,,,,,,,,,,,,,,,,90.3742,164.473,225,load=shed loop=90 ema=54,0,lowObs=idle,0,2,0,0,0
203,207.904,6496,7.53921,-5.64041,-159.979,3.41519,-2.891,0.00405525,14.7735,30.6118,41142,134399,93257,17564,209,3,EXPAND_MAP,EXPLORATION_FRONTIER,EXPLORE,FORWARD,frontier-route,ROW_FORWARD:row forward after  t=2.2s d=0.00/0.28,1,frontier,9,1.32477,wavefront frontier cost=1.16m len=8 score=91.6 comp=0 fp=661/0.00 cont=0.0 wall=0.0 seg=point geom first=40deg corne commitType=frontier intent=EXPAND_MAP fr=175 exploreRoute=frontier-only cost=1. noise=cache10:obs-1/ defer=119 plan=164ms/225,0,0,0,,,,,,,,,,,,,,,,,109.587,164.473,225,load=shed loop=110 ema=56,0,lowObs=idle,0,2,0,0,0
204,208.928,6528,7.45588,-5.67388,-156.711,3.33183,-2.9245,0.00409872,14.8634,30.6118,41142,134399,93257,17564,209,3,EXPAND_MAP,EXPLORATION_FRONTIER,EXPLORE,FORWARD,frontier-route,ROW_FORWARD:row forward after  t=2.2s d=0.00/0.28,1,frontier,9,1.32477,wavefront frontier cost=1.16m len=8 score=91.6 comp=0 fp=661/0.00 cont=0.0 wall=0.0 seg=point geom first=40deg corne commitType=frontier intent=EXPAND_MAP fr=175 exploreRoute=frontier-only cost=1. noise=cache10:obs-1/ defer=119 plan=164ms/225,0,0,0,,,,,,,,,,,,,,,,,136.152,164.473,225,load=shed loop=136 ema=61,0,lowObs=idle,0,2,0,0,0
205,209.952,6560,7.38693,-5.70827,-148.412,3.26285,-2.95886,0.00411353,14.9405,30.6118,41142,134399,93257,17564,209,3,EXPAND_MAP,EXPLORATION_FRONTIER,EXPLORE,FORWARD,frontier-route,ROW_FORWARD:row forward after  t=2.2s d=0.00/0.28,1,frontier,9,1.32477,wavefront frontier cost=1.16m len=8 score=91.6 comp=0 fp=661/0.00 cont=0.0 wall=0.0 seg=point geom first=40deg corne commitType=frontier intent=EXPAND_MAP fr=175 exploreRoute=frontier-only cost=1. noise=cache10:obs-1/ defer=119 plan=164ms/225,0,0,0,128,128,131,0,0,128,0,0,495,54,400,0.421875,0.578125,0.191919,1,quality_gate=n/a,98.982,164.473,225,load=shed loop=99 ema=53,0,lowObs=idle,0,2,0,0,0
206,210.976,6592,7.34493,-5.73792,-153.243,3.22085,-2.98855,0.00412105,14.9919,31.4354,42908,136496,93588,21126,209,3,EXPAND_MAP,EXPLORATION_FRONTIER,EXPLORE,GRID_REALIGN,fallback,GRID_REALIGN:hard-core heading  t=2.2s d=0.00/0.00,0,none,0,-1,wavefront frontier cost=0.34m len=3 score=100.2 comp=0 fp=791/0.00 cont=0.0 wall=0.0 seg=point geom first=53deg corne commitType=frontier intent=EXPAND_MAP fr=211 exploreRoute=frontier-only cost=0. noise=cache68:obs-1/ defer=116 plan=207ms/9001,0,0,0,,,,,,,,,,,,,,,,,67.0673,206.603,9001,load=shed loop=67 ema=45,0,lowObs=idle,0,2,0,0,0
207,212,6624,7.34493,-5.73792,-169.322,3.22085,-2.98852,0.00411824,14.9919,31.6095,43428,137389,93961,20971,209,3,EXPAND_MAP,EXPLORATION_FRONTIER,EXPLORE,GRID_REALIGN,fallback,GRID_REALIGN:hard-core heading  t=2.2s d=0.00/0.00,0,none,0,-1,wavefront frontier cost=0.34m len=3 score=103.0 comp=0 fp=791/0.00 cont=0.0 wall=0.0 seg=point geom first=29deg corne commitType=frontier intent=EXPAND_MAP fr=209 exploreRoute=frontier-only cost=0. noise=cache29:obs-1/ defer=128 plan=75ms/650,0,0,0,,,,,,,,,,,,,,,,,74.3568,74.7014,650,load=shed loop=74 ema=49,0,lowObs=idle,0,2,0,0,0
208,213.024,6656,7.34493,-5.73792,-175.281,3.22085,-2.98852,0.00411773,14.9919,31.6095,43428,137389,93961,20971,209,3,EXPAND_MAP,EXPLORATION_FRONTIER,EXPLORE,RGBD_SNAPSHOT,frontier-hold,RGBD_SNAPSHOT:RGB-D snapshot set t=1.4s d=0.00/0.00,0,none,0,-1,wavefront frontier cost=0.34m len=3 score=103.0 comp=0 fp=791/0.00 cont=0.0 wall=0.0 seg=point geom first=29deg corne commitType=frontier intent=EXPAND_MAP fr=209 exploreRoute=frontier-only cost=0. noise=cache29:obs-1/ defer=128 plan=75ms/650,0,0,0,,,,,,,,,,,,,,,,,191.709,74.7014,650,load=shed loop=192 ema=68,0,lowObs=idle,0,2,0,0,0
209,214.048,6688,7.31473,-5.73987,-177.271,3.19071,-2.99048,0.00406531,15.0222,31.3827,43428,138382,94954,25233,285,4,EXPAND_MAP,EXPLORATION_FRONTIER,EXPLORE,FORWARD,frontier-route,ROUTE_COMMIT:route commit: fron t=22.0s d=0.00/0.00,1,frontier,4,0.500336,wavefront frontier cost=0.50m len=4 score=141.8 comp=0 fp=745/0.00 cont=0.0 wall=0.0 seg=point geom first=19deg corne commitType=frontier intent=EXPAND_MAP fr=252 exploreRoute=frontier-only cost=0. noise=cache22:obs-1/ defer=126 plan=215ms/9001,0,0,0,,,,,,,,,,,,,,,,,80.2259,214.554,9001,load=shed loop=80 ema=80,0,lowObs=idle,0,2,0,0,0
210,215.072,6720,7.21791,-5.74096,179.501,3.09384,-2.99155,0.0041048,15.119,31.3827,43428,138382,94954,25233,285,4,EXPAND_MAP,EXPLORATION_FRONTIER,EXPLORE,FORWARD,frontier-route,ROUTE_COMMIT:route commit: fron t=22.0s d=0.00/0.00,1,frontier,4,0.500336,wavefront frontier cost=0.50m len=4 score=141.8 comp=0 fp=745/0.00 cont=0.0 wall=0.0 seg=point geom first=19deg corne commitType=frontier intent=EXPAND_MAP fr=252 exploreRoute=frontier-only cost=0. noise=cache22:obs-1/ defer=126 plan=215ms/9001,0,0,0,192,192,195,0,0,192,0,0,501,118,406,0.614583,0.385417,0.189621,1,quality_gate=n/a,242.192,214.554,9001,load=shed loop=242 ema=77,0,lowObs=idle,0,2,0,0,0
211,216.096,6752,7.12109,-5.73856,177.543,2.997,-2.98916,0.0041304,15.2159,31.3827,43428,138382,94954,25233,285,4,EXPAND_MAP,EXPLORATION_FRONTIER,EXPLORE,FORWARD,frontier-route,ROUTE_COMMIT:route commit: fron t=22.0s d=0.00/0.00,1,frontier,4,0.500336,wavefront frontier cost=0.50m len=4 score=141.8 comp=0 fp=745/0.00 cont=0.0 wall=0.0 seg=point geom first=19deg corne commitType=frontier intent=EXPAND_MAP fr=252 exploreRoute=frontier-only cost=0. noise=cache22:obs-1/ defer=126 plan=215ms/9001,0,0,0,,,,,,,,,,,,,,,,,105.391,214.554,9001,load=shed loop=105 ema=66,0,lowObs=idle,0,2,0,0,0
212,217.12,6784,7.06368,-5.73541,177.944,2.93957,-2.98601,0.00415147,15.2734,30.7774,43872,142546,98674,27052,209,3,EXPAND_MAP,EXPLORATION_FRONTIER,EXPLORE,RGBD_SNAPSHOT,frontier-hold,RGBD_SNAPSHOT:RGB-D snapshot set t=1.4s d=0.00/0.00,0,none,0,-1,wavefront frontier cost=0.34m len=3 score=104.5 comp=0 fp=887/0.00 cont=0.0 wall=0.0 seg=point geom first=11deg corne commitType=frontier intent=EXPAND_MAP fr=270 exploreRoute=frontier-only cost=0. noise=cache53:obs-1/ defer=127 plan=111ms/7959,0,0,0,,,,,,,,,,,,,,,,,69.108,110.87,7959,load=shed loop=69 ema=101,0,lowObs=idle,0,2,0,0,0
213,218.144,6816,7.06111,-5.7354,179.958,2.93719,-2.98599,0.00396335,15.276,30.2024,44232,146452,102220,25638,527,7,EXPAND_MAP,EXPLORATION_FRONTIER,EXPLORE,FORWARD,hybrid-row,ROW_FORWARD:row forward after  t=2.2s d=0.00/0.28,0,none,0,-1,wavefront frontier cost=1.16m len=8 score=126.3 comp=0 fp=925/0.00 cont=0.0 wall=0.0 seg=point geom first=12deg corne commitType=frontier intent=EXPAND_MAP fr=256 exploreRoute=frontier-only cost=0. noise=cache11:obs-1/ defer=104 plan=257ms/9001,0,0,0,,,,,,,,,,,,,,,,,79.2162,257.432,9001,load=shed loop=79 ema=133,0,lowObs=idle,0,2,0,0,0
214,219.168,6848,6.96548,-5.7363,-179.427,2.84153,-2.9869,0.00399624,15.3716,30.2024,44232,146452,102220,25638,527,7,EXPAND_MAP,EXPLORATION_FRONTIER,EXPLORE,FORWARD,frontier-route,ROUTE_COMMIT:route commit: fron t=22.0s d=0.00/0.00,1,frontier,8,1.15916,wavefront frontier cost=1.16m len=8 score=126.3 comp=0 fp=925/0.00 cont=0.0 wall=0.0 seg=point geom first=12deg corne commitType=frontier intent=EXPAND_MAP fr=256 exploreRoute=frontier-only cost=0. noise=cache11:obs-1/ defer=104 plan=257ms/9001,0,0,0,,,,,,,,,,,,,,,,,83.7276,257.432,9001,load=shed loop=84 ema=59,0,lowObs=idle,0,2,0,0,0
215,220.192,6880,6.86864,-5.73727,-179.427,2.74466,-2.98787,0.00402049,15.4684,30.2024,44232,146452,102220,25638,527,7,EXPAND_MAP,EXPLORATION_FRONTIER,EXPLORE,FORWARD,frontier-route,ROUTE_COMMIT:route commit: fron t=22.0s d=0.00/0.00,1,frontier,8,1.15916,wavefront frontier cost=1.16m len=8 score=126.3 comp=0 fp=925/0.00 cont=0.0 wall=0.0 seg=point geom first=12deg corne commitType=frontier intent=EXPAND_MAP fr=256 exploreRoute=frontier-only cost=0. noise=cache11:obs-1/ defer=104 plan=257ms/9001,0,0,0,192,192,195,0,0,192,0,0,500,118,405,0.614583,0.385417,0.19,1,quality_gate=n/a,113.721,257.432,9001,load=shed loop=114 ema=60,0,lowObs=idle,0,2,0,0,0
216,221.216,6912,6.7718,-5.73824,-179.427,2.6478,-2.98883,0.00404469,15.5653,30.2024,44232,146452,102220,25638,527,7,EXPAND_MAP,EXPLORATION_FRONTIER,EXPLORE,FORWARD,frontier-route,ROUTE_COMMIT:route commit: fron t=22.0s d=0.00/0.00,1,frontier,8,1.15916,wavefront frontier cost=1.16m len=8 score=126.3 comp=0 fp=925/0.00 cont=0.0 wall=0.0 seg=point geom first=12deg corne commitType=frontier intent=EXPAND_MAP fr=256 exploreRoute=frontier-only cost=0. noise=cache11:obs-1/ defer=104 plan=257ms/9001,0,0,0,,,,,,,,,,,,,,,,,146.369,257.432,9001,load=shed loop=146 ema=63,0,lowObs=idle,0,2,0,0,0
217,222.24,6944,6.67496,-5.73921,-179.427,2.55093,-2.9898,0.00406889,15.6621,30.2024,44232,146452,102220,25638,527,7,EXPAND_MAP,EXPLORATION_FRONTIER,EXPLORE,FORWARD,frontier-route,ROUTE_COMMIT:route commit: fron t=22.0s d=0.00/0.00,1,frontier,8,1.15916,wavefront frontier cost=1.16m len=8 score=126.3 comp=0 fp=925/0.00 cont=0.0 wall=0.0 seg=point geom first=12deg corne commitType=frontier intent=EXPAND_MAP fr=256 exploreRoute=frontier-only cost=0. noise=cache11:obs-1/ defer=104 plan=257ms/9001,0,0,0,,,,,,,,,,,,,,,,,102.663,257.432,9001,load=shed loop=103 ema=67,0,lowObs=idle,0,2,0,0,0
218,223.264,6976,6.57812,-5.74017,-179.427,2.45407,-2.99077,0.00409309,15.759,30.2024,44232,146452,102220,25638,527,7,EXPAND_MAP,EXPLORATION_FRONTIER,EXPLORE,FORWARD,frontier-route,ROUTE_COMMIT:route commit: fron t=22.0s d=0.00/0.00,1,frontier,8,1.15916,wavefront frontier cost=1.16m len=8 score=126.3 comp=0 fp=925/0.00 cont=0.0 wall=0.0 seg=point geom first=12deg corne commitType=frontier intent=EXPAND_MAP fr=256 exploreRoute=frontier-only cost=0. noise=cache11:obs-1/ defer=104 plan=257ms/9001,0,0,0,,,,,,,,,,,,,,,,,81.0663,257.432,9001,load=shed loop=81 ema=55,0,lowObs=idle,0,2,0,0,0
219,224.288,7008,6.48128,-5.74109,-179.578,2.3572,-2.99169,0.00411745,15.8558,30.2024,44232,146452,102220,25638,527,7,EXPAND_MAP,EXPLORATION_FRONTIER,EXPLORE,FORWARD,frontier-route,ROUTE_COMMIT:route commit: fron t=22.0s d=0.00/0.00,1,frontier,8,1.15916,wavefront frontier cost=1.16m len=8 score=126.3 comp=0 fp=925/0.00 cont=0.0 wall=0.0 seg=point geom first=12deg corne commitType=frontier intent=EXPAND_MAP fr=256 exploreRoute=frontier-only cost=0. noise=cache11:obs-1/ defer=104 plan=257ms/9001,0,0,0,,,,,,,,,,,,,,,,,132.722,257.432,9001,load=shed loop=133 ema=60,0,lowObs=idle,0,2,0,0,0
220,225.312,7040,6.38443,-5.74181,-179.578,2.26033,-2.9924,0.00414154,15.9527,30.2024,44232,146452,102220,25638,527,7,EXPAND_MAP,EXPLORATION_FRONTIER,EXPLORE,FORWARD,frontier-route,ROUTE_COMMIT:route commit: fron t=22.0s d=0.00/0.00,1,frontier,8,1.15916,wavefront frontier cost=1.16m len=8 score=126.3 comp=0 fp=925/0.00 cont=0.0 wall=0.0 seg=point geom first=12deg corne commitType=frontier intent=EXPAND_MAP fr=256 exploreRoute=frontier-only cost=0. noise=cache11:obs-1/ defer=104 plan=257ms/9001,0,0,0,192,192,195,0,0,192,0,0,504,117,405,0.609375,0.390625,0.196429,1,quality_gate=n/a,94.8195,257.432,9001,load=shed loop=95 ema=59,0,lowObs=idle,0,2,0,0,0
221,226.336,7072,6.28759,-5.74211,179.521,2.16346,-2.99271,0.00416694,16.0495,30.2024,44232,146452,102220,25638,527,7,EXPAND_MAP,EXPLORATION_FRONTIER,EXPLORE,FORWARD,frontier-route,ROUTE_COMMIT:route commit: fron t=22.0s d=0.00/0.00,1,frontier,8,1.15916,wavefront frontier cost=1.16m len=8 score=126.3 comp=0 fp=925/0.00 cont=0.0 wall=0.0 seg=point geom first=12deg corne commitType=frontier intent=EXPAND_MAP fr=256 exploreRoute=frontier-only cost=0. noise=cache11:obs-1/ defer=104 plan=257ms/9001,0,0,0,,,,,,,,,,,,,,,,,84.5384,257.432,9001,load=shed loop=85 ema=53,0,lowObs=idle,0,2,0,0,0
222,227.36,7104,6.19078,-5.73982,177.715,2.06662,-2.99043,0.00419185,16.1464,30.2024,44232,146452,102220,25638,527,7,EXPAND_MAP,EXPLORATION_FRONTIER,EXPLORE,FORWARD,frontier-route,ROUTE_COMMIT:route commit: fron t=22.0s d=0.00/0.00,1,frontier,8,1.15916,wavefront frontier cost=1.16m len=8 score=126.3 comp=0 fp=925/0.00 cont=0.0 wall=0.0 seg=point geom first=12deg corne commitType=frontier intent=EXPAND_MAP fr=256 exploreRoute=frontier-only cost=0. noise=cache11:obs-1/ defer=104 plan=257ms/9001,0,0,0,,,,,,,,,,,,,,,,,138.717,257.432,9001,load=shed loop=139 ema=60,0,lowObs=idle,0,2,0,0,0
223,228.384,7136,6.12127,-5.736,177.66,1.99708,-2.9866,0.00422906,16.216,30.3588,46788,154117,107329,24919,468,5,EXPAND_MAP,EXPLORATION_FRONTIER,EXPLORE,GRID_REALIGN,fallback,GRID_REALIGN:hard-core heading  t=2.2s d=0.00/0.00,0,none,0,-1,wavefront frontier cost=0.33m len=3 score=153.1 comp=0 fp=941/0.00 cont=0.0 wall=0.0 seg=point geom first=10deg corne commitType=frontier intent=EXPAND_MAP fr=249 exploreRoute=frontier-only cost=1. noise=cache48:obs-1/ defer=102 plan=218ms/9001,0,0,0,,,,,,,,,,,,,,,,,59.1148,218.35,9001,load=shed loop=59 ema=78,0,lowObs=idle,0,2,0,0,0
224,229.408,7168,6.12127,-5.736,177.912,1.99711,-2.9866,0.00420916,16.216,30.1546,47211,156563,109352,25946,430,5,EXPAND_MAP,EXPLORATION_FRONTIER,EXPLORE,FORWARD,hybrid-row,ROW_FORWARD:row forward after  t=2.2s d=0.00/0.28,0,none,0,-1,wavefront frontier cost=0.34m len=3 score=152.9 comp=0 fp=941/0.00 cont=0.0 wall=0.0 seg=point geom first=12deg corne commitType=frontier intent=EXPAND_MAP fr=259 exploreRoute=frontier-only cost=1. noise=cache16:obs-1/ defer=89 plan=132ms/9001,0,0,0,,,,,,,,,,,,,,,,,1270.88,131.558,9001,load=shed loop=1271 ema=340,0,lowObs=idle,0,2,0,0,0
225,230.432,7200,6.03849,-5.73464,177.585,1.91447,-2.98525,0.0040598,16.2988,30.1546,47211,156563,109352,25946,430,5,EXPAND_MAP,EXPLORATION_FRONTIER,EXPLORE,FORWARD,frontier-route,ROUTE_COMMIT:route commit: fron t=22.0s d=0.00/0.00,1,frontier,3,0.33563,wavefront frontier cost=0.34m len=3 score=152.9 comp=0 fp=941/0.00 cont=0.0 wall=0.0 seg=point geom first=12deg corne commitType=frontier intent=EXPAND_MAP fr=259 exploreRoute=frontier-only cost=1. noise=cache16:obs-1/ defer=89 plan=132ms/9001,0,0,0,192,421,623,229,0,192,0,229,504,259,403,0.615202,0.384798,0.200397,1,quality_gate=n/a,237.663,131.558,9001,load=shed loop=238 ema=80,0,lowObs=idle,0,2,0,0,0
226,231.456,7232,5.96486,-5.73336,-179.219,1.84101,-2.98396,0.0038893,16.3725,30.4409,47956,157538,109582,25203,349,4,EXPAND_MAP,EXPLORATION_FRONTIER,EXPLORE,FORWARD,hybrid-row,ROW_FORWARD:cell fill after ro t=1.1s d=0.00/0.18,0,none,0,-1,wavefront frontier cost=0.33m len=3 score=104.4 comp=0 fp=941/-0.00 cont=0.0 wall=0.0 seg=point geom first=14deg corne commitType=frontier intent=EXPAND_MAP fr=252 exploreRoute=frontier-only cost=1. noise=cache8:obs-1/2 defer=94 plan=148ms/9001,0,0,0,,,,,,,,,,,,,,,,,1302.93,147.71,9001,load=shed loop=1303 ema=266,0,lowObs=idle,0,2,0,0,0
227,232.48,7264,5.84648,-5.73497,-179.751,1.72254,-2.98559,0.00398215,16.4908,30.4409,47956,157538,109582,25203,349,4,EXPAND_MAP,EXPLORATION_FRONTIER,EXPLORE,FORWARD,frontier-route,ROUTE_COMMIT:route commit: fron t=22.0s d=0.00/0.00,1,frontier,3,0.333792,wavefront frontier cost=0.33m len=3 score=104.3 comp=0 fp=941/0.00 cont=0.0 wall=0.0 seg=point geom first=14deg corne commitType=frontier intent=EXPAND_MAP fr=252 exploreRoute=frontier-only cost=1. noise=cache28:obs-1/ defer=91 plan=92ms/280,0,0,0,,,,,,,,,,,,,,,,,87.5232,91.6432,280,load=shed loop=88 ema=70,0,lowObs=idle,0,2,0,0,0
228,233.504,7296,5.77087,-5.73267,177.833,1.6469,-2.98327,0.00400549,16.5665,30.4409,47956,157538,109582,25203,349,4,EXPAND_MAP,EXPLORATION_FRONTIER,EXPLORE,RGBD_SNAPSHOT,frontier-hold,RGBD_SNAPSHOT:RGB-D snapshot set t=1.4s d=0.00/0.00,0,none,0,-1,wavefront frontier cost=0.33m len=3 score=104.5 comp=0 fp=941/0.00 cont=0.0 wall=0.0 seg=point geom first=11deg corne commitType=frontier intent=EXPAND_MAP fr=252 exploreRoute=frontier-only cost=1. noise=cache56:obs-1/ defer=79 plan=218ms/9001,0,0,0,,,,,,,,,,,,,,,,,161.872,217.971,9001,load=shed loop=162 ema=62,0,lowObs=idle,0,2,0,0,0
229,234.528,7328,5.77087,-5.73267,178.746,1.64694,-2.98327,0.00397302,16.5665,30.4829,48662,159637,110975,25151,209,3,EXPAND_MAP,EXPLORATION_FRONTIER,EXPLORE,FORWARD,hybrid-row,ROW_FORWARD:row forward after  t=2.2s d=0.00/0.28,0,none,0,-1,wavefront frontier cost=0.34m len=3 score=104.6 comp=0 fp=923/0.02 cont=0.0 wall=0.0 seg=point geom first=11deg corne commitType=frontier intent=EXPAND_MAP fr=251 exploreRoute=frontier-only cost=0. noise=cache30:obs-1/ defer=76 plan=177ms/271,0,0,0,,,,,,,,,,,,,,,,,61.6752,177.363,271,load=shed loop=62 ema=187,0,lowObs=idle,0,2,0,0,0
230,235.552,7360,5.68057,-5.73177,177.974,1.55679,-2.98239,0.00382663,16.6568,30.4829,48662,159637,110975,25151,209,3,EXPAND_MAP,EXPLORATION_FRONTIER,EXPLORE,FORWARD,frontier-route,ROUTE_COMMIT:route commit: fron t=22.0s d=0.00/0.00,1,frontier,3,0.33563,wavefront frontier cost=0.34m len=3 score=104.6 comp=0 fp=923/0.02 cont=0.0 wall=0.0 seg=point geom first=11deg corne commitType=frontier intent=EXPAND_MAP fr=251 exploreRoute=frontier-only cost=0. noise=cache30:obs-1/ defer=76 plan=177ms/271,0,0,0,192,421,623,229,0,192,0,229,504,259,403,0.615202,0.384798,0.200397,1,quality_gate=n/a,128.159,177.363,271,load=shed loop=128 ema=61,0,lowObs=idle,0,2,0,0,0
231,236.576,7392,5.61181,-5.731,179.512,1.48825,-2.98162,0.00361211,16.7256,30.3274,48977,161494,112517,26405,209,3,EXPAND_MAP,EXPLORATION_FRONTIER,EXPLORE,FORWARD,hybrid-row,ROW_FORWARD:cell fill after ro t=1.1s d=0.00/0.18,0,none,0,-1,wavefront frontier cost=0.33m len=3 score=104.4 comp=0 fp=941/0.00 cont=0.0 wall=0.0 seg=point geom first=14deg corne commitType=frontier intent=EXPAND_MAP fr=264 exploreRoute=frontier-only cost=0. noise=cache22:obs-1/ defer=63 plan=221ms/9001,0,0,0,,,,,,,,,,,,,,,,,89.7714,221.238,9001,load=shed loop=90 ema=135,0,lowObs=idle,0,2,0,0,0
232,237.6,7424,5.54236,-5.731,179.511,1.41913,-2.98162,0.00328038,16.7951,30.3274,48977,161494,112517,26405,209,3,EXPAND_MAP,EXPLORATION_FRONTIER,EXPLORE,FORWARD,hybrid-row,ROW_FORWARD:cell fill after ro t=1.1s d=0.00/0.18,0,none,0,-1,wavefront frontier cost=0.33m len=3 score=104.4 comp=0 fp=941/0.00 cont=0.0 wall=0.0 seg=point geom first=13deg corne commitType=frontier intent=EXPAND_MAP fr=264 exploreRoute=frontier-only cost=1. noise=cache39:obs-1/ defer=61 plan=104ms/5849,0,0,0,,,,,,,,,,,,,,,,,99.2832,103.517,5849,load=shed loop=99 ema=60,0,lowObs=idle,0,2,0,0,0
233,238.624,7456,5.46794,-5.73099,179.511,1.34508,-2.98161,0.00292511,16.8695,30.3274,48977,161494,112517,26405,209,3,EXPAND_MAP,EXPLORATION_FRONTIER,EXPLORE,FORWARD,hybrid-row,ROW_FORWARD:cell fill after ro t=1.1s d=0.00/0.18,0,none,0,-1,wavefront frontier cost=0.33m len=3 score=104.4 comp=0 fp=941/0.00 cont=0.0 wall=0.0 seg=point geom first=13deg corne commitType=frontier intent=EXPAND_MAP fr=264 exploreRoute=frontier-only cost=1. noise=cache39:obs-1/ defer=61 plan=104ms/5849,0,0,0,,,,,,,,,,,,,,,,,102.317,103.517,5849,load=shed loop=102 ema=71,0,lowObs=idle,0,2,0,0,0
234,239.648,7488,5.39352,-5.73098,179.511,1.27102,-2.9816,0.00257102,16.9439,30.3274,48977,161494,112517,26405,209,3,EXPAND_MAP,EXPLORATION_FRONTIER,EXPLORE,FORWARD,hybrid-row,ROW_FORWARD:cell fill after ro t=1.1s d=0.00/0.18,0,none,0,-1,wavefront frontier cost=0.33m len=3 score=104.4 comp=0 fp=941/0.00 cont=0.0 wall=0.0 seg=point geom first=13deg corne commitType=frontier intent=EXPAND_MAP fr=264 exploreRoute=frontier-only cost=1. noise=cache39:obs-1/ defer=61 plan=104ms/5849,0,0,0,,,,,,,,,,,,,,,,,114.434,103.517,5849,load=shed loop=114 ema=69,0,lowObs=idle,0,2,0,0,0
235,240.672,7520,5.3191,-5.73097,179.511,1.19697,-2.98159,0.00221949,17.0183,30.3274,48977,161494,112517,26405,209,3,EXPAND_MAP,EXPLORATION_FRONTIER,EXPLORE,FORWARD,hybrid-row,ROW_FORWARD:cell fill after ro t=1.1s d=0.00/0.18,0,none,0,-1,wavefront frontier cost=0.33m len=3 score=104.4 comp=0 fp=941/0.00 cont=0.0 wall=0.0 seg=point geom first=13deg corne commitType=frontier intent=EXPAND_MAP fr=264 exploreRoute=frontier-only cost=1. noise=cache39:obs-1/ defer=61 plan=104ms/5849,0,0,0,192,421,623,229,0,192,0,229,504,259,403,0.615202,0.384798,0.200397,1,quality_gate=n/a,119.886,103.517,5849,load=shed loop=120 ema=77,0,lowObs=idle,0,2,0,0,0
236,241.696,7552,5.24468,-5.73097,179.511,1.12291,-2.98158,0.00187328,17.0928,30.3274,48977,161494,112517,26405,209,3,EXPAND_MAP,EXPLORATION_FRONTIER,EXPLORE,FORWARD,hybrid-row,ROW_FORWARD:cell fill after ro t=1.1s d=0.00/0.18,0,none,0,-1,wavefront frontier cost=0.33m len=3 score=104.4 comp=0 fp=941/0.00 cont=0.0 wall=0.0 seg=point geom first=13deg corne commitType=frontier intent=EXPAND_MAP fr=264 exploreRoute=frontier-only cost=1. noise=cache39:obs-1/ defer=61 plan=104ms/5849,0,0,0,,,,,,,,,,,,,,,,,100.912,103.517,5849,load=shed loop=101 ema=73,0,lowObs=idle,0,2,0,0,0
237,242.72,7584,5.17026,-5.73096,179.511,1.04886,-2.98157,0.00153601,17.1672,30.3274,48977,161494,112517,26405,209,3,EXPAND_MAP,EXPLORATION_FRONTIER,EXPLORE,FORWARD,hybrid-row,ROW_FORWARD:cell fill after ro t=1.1s d=0.00/0.18,0,none,0,-1,wavefront frontier cost=0.33m len=3 score=104.4 comp=0 fp=941/0.00 cont=0.0 wall=0.0 seg=point geom first=13deg corne commitType=frontier intent=EXPAND_MAP fr=264 exploreRoute=frontier-only cost=1. noise=cache39:obs-1/ defer=61 plan=104ms/5849,0,0,0,,,,,,,,,,,,,,,,,125.297,103.517,5849,load=shed loop=125 ema=75,0,lowObs=idle,0,2,0,0,0
238,243.744,7616,5.09584,-5.73095,179.511,0.9748,-2.98156,0.00121371,17.2416,30.3274,48977,161494,112517,26405,209,3,EXPAND_MAP,EXPLORATION_FRONTIER,EXPLORE,FORWARD,hybrid-row,ROW_FORWARD:cell fill after ro t=1.1s d=0.00/0.18,0,none,0,-1,wavefront frontier cost=0.33m len=3 score=104.4 comp=0 fp=941/0.00 cont=0.0 wall=0.0 seg=point geom first=13deg corne commitType=frontier intent=EXPAND_MAP fr=264 exploreRoute=frontier-only cost=1. noise=cache39:obs-1/ defer=61 plan=104ms/5849,0,0,0,,,,,,,,,,,,,,,,,130.139,103.517,5849,load=shed loop=130 ema=82,0,lowObs=idle,0,2,0,0,0
239,244.768,7648,5.02142,-5.73094,179.511,0.900745,-2.98155,0.000921732,17.316,30.3274,48977,161494,112517,26405,209,3,EXPAND_MAP,EXPLORATION_FRONTIER,EXPLORE,FORWARD,hybrid-row,ROW_FORWARD:cell fill after ro t=1.1s d=0.00/0.18,0,none,0,-1,wavefront frontier cost=0.33m len=3 score=104.4 comp=0 fp=941/0.00 cont=0.0 wall=0.0 seg=point geom first=13deg corne commitType=frontier intent=EXPAND_MAP fr=264 exploreRoute=frontier-only cost=1. noise=cache39:obs-1/ defer=61 plan=104ms/5849,0,0,0,,,,,,,,,,,,,,,,,109.481,103.517,5849,load=shed loop=109 ema=84,0,lowObs=idle,0,2,0,0,0
240,245.792,7680,4.94701,-5.73093,179.511,0.82669,-2.98154,0.000700698,17.3904,30.3274,48977,161494,112517,26405,209,3,EXPAND_MAP,EXPLORATION_FRONTIER,EXPLORE,FORWARD,hybrid-row,ROW_FORWARD:cell fill after ro t=1.1s d=0.00/0.18,0,none,0,-1,wavefront frontier cost=0.33m len=3 score=104.4 comp=0 fp=941/0.00 cont=0.0 wall=0.0 seg=point geom first=13deg corne commitType=frontier intent=EXPAND_MAP fr=264 exploreRoute=frontier-only cost=1. noise=cache39:obs-1/ defer=61 plan=104ms/5849,0,0,0,192,421,623,229,0,192,0,229,504,259,403,0.615202,0.384798,0.200397,1,quality_gate=n/a,203.828,103.517,5849,load=shed loop=204 ema=87,0,lowObs=idle,0,2,0,0,0
241,246.816,7712,4.87259,-5.73092,179.511,0.752635,-2.98153,0.000630698,17.4649,30.3274,48977,161494,112517,26405,209,3,EXPAND_MAP,EXPLORATION_FRONTIER,EXPLORE,FORWARD,hybrid-row,ROW_FORWARD:cell fill after ro t=1.1s d=0.00/0.18,0,none,0,-1,wavefront frontier cost=0.33m len=3 score=104.4 comp=0 fp=941/0.00 cont=0.0 wall=0.0 seg=point geom first=13deg corne commitType=frontier intent=EXPAND_MAP fr=264 exploreRoute=frontier-only cost=1. noise=cache39:obs-1/ defer=61 plan=104ms/5849,0,0,0,,,,,,,,,,,,,,,,,105.79,103.517,5849,load=shed loop=106 ema=75,0,lowObs=idle,0,2,0,0,0
242,247.84,7744,4.79817,-5.73091,179.511,0.678579,-2.98153,0.000754012,17.5393,30.3274,48977,161494,112517,26405,209,3,EXPAND_MAP,EXPLORATION_FRONTIER,EXPLORE,FORWARD,hybrid-row,ROW_FORWARD:cell fill after ro t=1.1s d=0.00/0.18,0,none,0,-1,wavefront frontier cost=0.33m len=3 score=104.4 comp=0 fp=941/0.00 cont=0.0 wall=0.0 seg=point geom first=13deg corne commitType=frontier intent=EXPAND_MAP fr=264 exploreRoute=frontier-only cost=1. noise=cache39:obs-1/ defer=61 plan=104ms/5849,0,0,0,,,,,,,,,,,,,,,,,98.693,103.517,5849,load=shed loop=99 ema=72,0,lowObs=idle,0,2,0,0,0
243,248.864,7776,4.72375,-5.7309,179.511,0.604524,-2.98152,0.0010018,17.6137,30.3274,48977,161494,112517,26405,209,3,EXPAND_MAP,EXPLORATION_FRONTIER,EXPLORE,FORWARD,hybrid-row,ROW_FORWARD:cell fill after ro t=1.1s d=0.00/0.18,0,none,0,-1,wavefront frontier cost=0.33m len=3 score=104.4 comp=0 fp=941/0.00 cont=0.0 wall=0.0 seg=point geom first=13deg corne commitType=frontier intent=EXPAND_MAP fr=264 exploreRoute=frontier-only cost=1. noise=cache39:obs-1/ defer=61 plan=104ms/5849,0,0,0,,,,,,,,,,,,,,,,,126.689,103.517,5849,load=shed loop=127 ema=78,0,lowObs=idle,0,2,0,0,0
244,249.888,7808,4.64933,-5.73089,179.511,0.53047,-2.98151,0.00130567,17.6881,30.3274,48977,161494,112517,26405,209,3,EXPAND_MAP,EXPLORATION_FRONTIER,EXPLORE,FORWARD,hybrid-row,ROW_FORWARD:cell fill after ro t=1.1s d=0.00/0.18,0,none,0,-1,wavefront frontier cost=0.33m len=3 score=104.4 comp=0 fp=941/0.00 cont=0.0 wall=0.0 seg=point geom first=13deg corne commitType=frontier intent=EXPAND_MAP fr=264 exploreRoute=frontier-only cost=1. noise=cache39:obs-1/ defer=61 plan=104ms/5849,0,0,0,,,,,,,,,,,,,,,,,103.789,103.517,5849,load=shed loop=104 ema=82,0,lowObs=idle,0,2,0,0,0
245,250.912,7840,4.57491,-5.73088,179.511,0.456415,-2.9815,0.00163428,17.7626,30.3274,48977,161494,112517,26405,209,3,EXPAND_MAP,EXPLORATION_FRONTIER,EXPLORE,FORWARD,hybrid-row,ROW_FORWARD:cell fill after ro t=1.1s d=0.00/0.18,0,none,0,-1,wavefront frontier cost=0.33m len=3 score=104.4 comp=0 fp=941/0.00 cont=0.0 wall=0.0 seg=point geom first=13deg corne commitType=frontier intent=EXPAND_MAP fr=264 exploreRoute=frontier-only cost=1. noise=cache39:obs-1/ defer=61 plan=104ms/5849,0,0,0,192,421,623,229,0,192,0,229,504,259,403,0.615202,0.384798,0.200397,1,quality_gate=n/a,133.166,103.517,5849,load=shed loop=133 ema=82,0,lowObs=idle,0,2,0,0,0
246,251.936,7872,4.48922,-5.73027,179.261,0.370916,-2.98087,0.00180771,17.8483,32.3667,52457,162071,109614,26151,209,3,EXPAND_MAP,EXPLORATION_FRONTIER,EXPLORE,FORWARD,frontier-route,ROUTE_COMMIT:route commit: fron t=22.0s d=0.00/0.00,1,frontier,3,0.335042,wavefront frontier cost=0.34m len=3 score=104.5 comp=0 fp=861/0.02 cont=0.0 wall=0.0 seg=point geom first=12deg corne commitType=frontier intent=EXPAND_MAP fr=261 exploreRoute=frontier-only cost=2. noise=cache2:obs-1/2 defer=4 plan=172ms/186,0,0,0,,,,,,,,,,,,,,,,,143.486,172.08,186,load=shed loop=143 ema=82,0,lowObs=idle,0,2,0,0,0
247,252.96,7904,4.41121,-5.7284,-179.724,0.293102,-2.979,0.0019939,17.9263,32.3667,52457,162071,109614,26151,209,3,EXPAND_MAP,EXPLORATION_FRONTIER,EXPLORE,FORWARD,hybrid-row,ROW_FORWARD:cell fill after ro t=1.1s d=0.00/0.18,0,none,0,-1,wavefront frontier cost=0.33m len=3 score=104.5 comp=0 fp=787/0.00 cont=0.0 wall=0.0 seg=point geom first=13deg corne commitType=frontier intent=EXPAND_MAP fr=261 exploreRoute=frontier-only cost=0. noise=cache41:obs-1/ defer=1 plan=78ms/231,0,0,0,,,,,,,,,,,,,,,,,59.4329,77.8513,231,load=shed loop=59 ema=89,0,lowObs=idle,0,2,0,0,0
248,253.984,7936,4.2837,-5.73012,-179.178,0.165512,-2.98073,0.00192369,18.0538,31.8715,53127,166691,113564,33511,209,3,EXPAND_MAP,EXPLORATION_FRONTIER,EXPLORE,FORWARD,hybrid-row,ROW_FORWARD:cell fill after ro t=1.1s d=0.00/0.18,0,none,0,-1,wavefront frontier cost=0.33m len=3 score=102.0 comp=0 fp=631/0.00 cont=0.0 wall=0.0 seg=point geom first=13deg corne commitType=frontier intent=EXPAND_MAP fr=335 exploreRoute=frontier-only cost=1. noise=cache7:obs-1/2 defer=0 plan=78ms/156,0,0,0,,,,,,,,,,,,,,,,,108.977,78.0996,156,load=shed loop=109 ema=217,0,lowObs=idle,0,2,0,0,0
249,255.008,7968,4.17469,-5.72971,177.518,0.0564539,-2.98033,0.00187972,18.1629,31.8715,53127,166691,113564,33511,209,3,EXPAND_MAP,EXPLORATION_FRONTIER,EXPLORE,FORWARD,frontier-route,ROUTE_COMMIT:route commit: fron t=22.0s d=0.00/0.00,1,frontier,3,0.334104,wavefront frontier cost=0.33m len=3 score=102.0 comp=0 fp=631/0.00 cont=0.0 wall=0.0 seg=point geom first=13deg corne commitType=frontier intent=EXPAND_MAP fr=335 exploreRoute=frontier-only cost=1. noise=cache7:obs-1/2 defer=0 plan=78ms/156,0,0,0,,,,,,,,,,,,,,,,,159.105,78.0996,156,load=shed loop=159 ema=70,0,lowObs=idle,0,2,0,0,0
250,256.032,8000,4.17167,-5.72958,177.869,0.0534303,-2.98018,0.00187421,18.1659,31.8715,53127,166691,113564,33511,209,3,EXPAND_MAP,EXPLORATION_FRONTIER,EXPLORE,RGBD_SNAPSHOT,frontier-hold,RGBD_SNAPSHOT:RGB-D snapshot set t=1.4s d=0.00/0.00,0,none,0,-1,wavefront frontier cost=0.33m len=3 score=104.7 comp=0 fp=936/0.00 cont=0.0 wall=0.0 seg=point geom first=10deg corne commitType=frontier intent=EXPAND_MAP fr=335 exploreRoute=frontier-only cost=1. noise=cache42:obs-1/ defer=0 plan=189ms/223,0,0,0,195,424,626,229,0,195,0,229,507,259,403,0.610849,0.389151,0.205128,1,quality_gate=n/a,212.343,189.285,223,load=shed loop=212 ema=97,0,lowObs=idle,0,2,0,0,0
251,257.056,8032,4.09852,-5.73019,-179.408,-0.0195592,-2.9808,0.00202139,18.239,31.043,53543,172480,118937,30892,209,3,EXPAND_MAP,EXPLORATION_FRONTIER,EXPLORE,FORWARD,frontier-route,ROUTE_COMMIT:route commit: fron t=22.0s d=0.00/0.00,1,frontier,4,0.500336,wavefront frontier cost=0.50m len=4 score=100.5 comp=0 fp=860/0.00 cont=0.0 wall=0.0 seg=point geom first=10deg corne commitType=frontier intent=EXPAND_MAP fr=308 exploreRoute=frontier-only cost=1. noise=cache4:obs-1/2 defer=0 plan=82ms/290,0,0,0,,,,,,,,,,,,,,,,,79.2557,82.2351,290,load=shed loop=79 ema=57,0,lowObs=idle,0,2,0,0,0
252,258.08,8064,4.00168,-5.7311,-179.86,-0.116425,-2.98172,0.00200032,18.3359,31.043,53543,172480,118937,30892,209,3,EXPAND_MAP,EXPLORATION_FRONTIER,EXPLORE,FORWARD,frontier-route,ROUTE_COMMIT:route commit: fron t=22.0s d=0.00/0.00,1,frontier,4,0.500336,wavefront frontier cost=0.50m len=4 score=100.5 comp=0 fp=860/0.00 cont=0.0 wall=0.0 seg=point geom first=10deg corne commitType=frontier intent=EXPAND_MAP fr=308 exploreRoute=frontier-only cost=1. noise=cache4:obs-1/2 defer=0 plan=82ms/290,0,0,0,,,,,,,,,,,,,,,,,169.217,82.2351,290,load=shed loop=169 ema=67,0,lowObs=idle,0,2,0,0,0
253,259.104,8096,3.90485,-5.7296,178.032,-0.213278,-2.98022,0.0019771,18.4327,31.043,53543,172480,118937,30892,209,3,EXPAND_MAP,EXPLORATION_FRONTIER,EXPLORE,FORWARD,frontier-route,ROUTE_COMMIT:route commit: fron t=22.0s d=0.00/0.00,1,frontier,4,0.500336,wavefront frontier cost=0.50m len=4 score=100.5 comp=0 fp=860/0.00 cont=0.0 wall=0.0 seg=point geom first=10deg corne commitType=frontier intent=EXPAND_MAP fr=308 exploreRoute=frontier-only cost=1. noise=cache4:obs-1/2 defer=0 plan=82ms/290,0,0,0,,,,,,,,,,,,,,,,,93.4031,82.2351,290,load=shed loop=93 ema=66,0,lowObs=idle,0,2,0,0,0
254,260.128,8128,3.88671,-5.72888,177.931,-0.231428,-2.97949,0.00196953,18.4509,30.9215,54103,174969,120866,28864,209,3,EXPAND_MAP,EXPLORATION_FRONTIER,EXPLORE,RGBD_SNAPSHOT,frontier-hold,RGBD_SNAPSHOT:RGB-D snapshot set t=1.4s d=0.00/0.00,0,none,0,-1,wavefront frontier cost=0.33m len=3 score=104.0 comp=0 fp=941/0.00 cont=0.0 wall=0.0 seg=point geom first=13deg corne commitType=frontier intent=EXPAND_MAP fr=288 exploreRoute=frontier-only cost=1. noise=cache33:obs-1/ defer=0 plan=197ms/220,0,0,0,,,,,,,,,,,,,,,,,106.161,196.742,220,load=shed loop=106 ema=74,0,lowObs=idle,0,2,0,0,0
255,261.152,8160,3.82921,-5.72905,179.077,-0.288774,-2.97969,0.00212648,18.5084,30.9215,54103,174969,120866,28864,209,3,EXPAND_MAP,EXPLORATION_FRONTIER,EXPLORE,FORWARD,frontier-route,ROUTE_COMMIT:route commit: fron t=22.0s d=0.00/0.00,1,frontier,3,0.33563,wavefront frontier cost=0.34m len=3 score=104.0 comp=0 fp=941/0.00 cont=0.0 wall=0.0 seg=point geom first=13deg corne commitType=frontier intent=EXPAND_MAP fr=288 exploreRoute=frontier-only cost=1. noise=cache67:obs-1/ defer=0 plan=86ms/266,0,0,0,195,424,626,229,0,195,0,229,507,259,403,0.610849,0.389151,0.205128,1,quality_gate=n/a,181.653,85.8258,266,load=shed loop=182 ema=67,0,lowObs=idle,0,2,0,0,0
256,262.176,8192,3.76404,-5.72623,-179.806,-0.353732,-2.97683,0.00232177,18.5736,30.7662,54423,176892,122469,28705,209,3,EXPAND_MAP,EXPLORATION_FRONTIER,EXPLORE,FORWARD,hybrid-row,ROW_FORWARD:cell fill after ro t=1.1s d=0.00/0.18,0,none,0,-1,wavefront frontier cost=0.33m len=3 score=104.5 comp=0 fp=941/-0.00 cont=0.0 wall=0.0 seg=point geom first=10deg corne commitType=frontier intent=EXPAND_MAP fr=287 exploreRoute=frontier-only cost=1. noise=cache37:obs-1/ defer=0 plan=290ms/1748,0,0,0,,,,,,,,,,,,,,,,,70.9403,289.965,1748,load=shed loop=71 ema=63,0,lowObs=idle,0,2,0,0,0
257,263.2,8224,3.65088,-5.72757,-179.272,-0.466974,-2.97818,0.00224325,18.6868,30.8994,54979,177929,122950,28308,209,3,EXPAND_MAP,EXPLORATION_FRONTIER,EXPLORE,FORWARD,hybrid-row,ROW_FORWARD:cell fill after ro t=1.1s d=0.00/0.18,0,none,0,-1,wavefront frontier cost=0.33m len=3 score=104.2 comp=0 fp=941/0.00 cont=0.0 wall=0.0 seg=point geom first=15deg corne commitType=frontier intent=EXPAND_MAP fr=283 exploreRoute=frontier-only cost=2. noise=obs-1/26 dirty defer=0 plan=87ms/305,0,0,0,,,,,,,,,,,,,,,,,110.082,86.7161,305,load=shed loop=110 ema=82,0,lowObs=idle,0,2,0,0,0
258,264.224,8256,3.5677,-5.72685,177.847,-0.55022,-2.97747,0.00217554,18.77,30.8994,54979,177929,122950,28308,209,3,EXPAND_MAP,EXPLORATION_FRONTIER,EXPLORE,RGBD_SNAPSHOT,frontier-hold,RGBD_SNAPSHOT:RGB-D snapshot set t=1.4s d=0.00/0.00,0,none,0,-1,wavefront frontier cost=0.33m len=3 score=104.5 comp=0 fp=941/0.00 cont=0.0 wall=0.0 seg=point geom first=12deg corne commitType=frontier intent=EXPAND_MAP fr=283 exploreRoute=frontier-only cost=1. noise=cache35:obs-1/ defer=0 plan=182ms/290,0,0,0,,,,,,,,,,,,,,,,,73.7413,181.848,290,load=shed loop=74 ema=107,0,lowObs=idle,0,2,0,0,0
259,265.248,8288,3.5677,-5.72685,179.217,-0.550188,-2.97746,0.00220604,18.77,30.8778,55329,179187,123858,28836,404,5,EXPAND_MAP,EXPLORATION_FRONTIER,EXPLORE,FORWARD,hybrid-row,ROW_FORWARD:row forward after  t=2.2s d=0.00/0.28,0,none,0,-1,wavefront frontier cost=0.34m len=3 score=104.5 comp=0 fp=941/0.00 cont=0.0 wall=0.0 seg=point geom first=13deg corne commitType=frontier intent=EXPAND_MAP fr=288 exploreRoute=frontier-only cost=1. noise=obs-1/29 dirty defer=0 plan=99ms/300,0,0,0,,,,,,,,,,,,,,,,,91.178,98.5481,300,load=shed loop=91 ema=284,0,lowObs=idle,0,2,0,0,0
260,266.272,8320,3.47439,-5.72551,176.892,-0.64335,-2.97615,0.00235413,18.8633,30.8778,55329,179187,123858,28836,404,5,EXPAND_MAP,EXPLORATION_FRONTIER,EXPLORE,FORWARD,frontier-route,ROUTE_COMMIT:route commit: fron t=22.0s d=0.00/0.00,1,frontier,3,0.33563,wavefront frontier cost=0.33m len=3 score=104.6 comp=0 fp=941/0.00 cont=0.0 wall=0.0 seg=point geom first=11deg corne commitType=frontier intent=EXPAND_MAP fr=288 exploreRoute=frontier-only cost=1. noise=cache35:obs-1/ defer=0 plan=203ms/371,0,0,0,205,434,636,229,0,205,0,229,517,259,403,0.596774,0.403226,0.220503,1,quality_gate=n/a,1548.23,202.886,371,load=shed loop=1548 ema=317,0,lowObs=idle,0,2,0,0,0
261,267.296,8352,3.4027,-5.72428,-179.455,-0.714873,-2.9749,0.00250936,18.9351,30.8778,55329,179187,123858,28836,404,5,EXPAND_MAP,EXPLORATION_FRONTIER,EXPLORE,FORWARD,hybrid-row,ROW_FORWARD:cell fill after ro t=1.1s d=0.00/0.18,0,none,0,-1,wavefront frontier cost=0.33m len=3 score=104.3 comp=0 fp=941/0.00 cont=0.0 wall=0.0 seg=point geom first=14deg corne commitType=frontier intent=EXPAND_MAP fr=288 exploreRoute=frontier-only cost=1. noise=cache54:obs-1/ defer=0 plan=94ms/428,0,0,0,,,,,,,,,,,,,,,,,124.638,94.3675,428,load=shed loop=125 ema=63,0,lowObs=idle,0,2,0,0,0
262,268.32,8384,3.28489,-5.72528,179.492,-0.832759,-2.97592,0.00244122,19.0529,31.0363,55889,180076,124187,28375,296,4,EXPAND_MAP,EXPLORATION_FRONTIER,EXPLORE,FORWARD,frontier-route,ROUTE_COMMIT:route commit: fron t=22.0s d=0.00/0.00,1,frontier,3,0.334424,wavefront frontier cost=0.33m len=3 score=104.3 comp=0 fp=941/0.00 cont=0.0 wall=0.0 seg=point geom first=15deg corne commitType=frontier intent=EXPAND_MAP fr=283 exploreRoute=frontier-only cost=2. noise=obs-1/29 dirty defer=0 plan=90ms/881,0,0,0,,,,,,,,,,,,,,,,,80.0782,89.6576,881,load=shed loop=80 ema=49,0,lowObs=idle,0,2,0,0,0
263,269.344,8416,3.18865,-5.72575,-179.156,-0.928819,-2.97637,0.00261805,19.1491,31.0363,55889,180076,124187,28375,296,4,EXPAND_MAP,EXPLORATION_FRONTIER,EXPLORE,FORWARD,hybrid-row,ROW_FORWARD:cell fill after ro t=1.1s d=0.00/0.18,0,none,0,-1,wavefront frontier cost=0.33m len=3 score=104.3 comp=0 fp=941/0.00 cont=0.0 wall=0.0 seg=point geom first=15deg corne commitType=frontier intent=EXPAND_MAP fr=283 exploreRoute=frontier-only cost=2. noise=cache57:obs-1/ defer=0 plan=90ms/457,0,0,0,,,,,,,,,,,,,,,,,108.739,89.6013,457,load=shed loop=109 ema=274,0,lowObs=idle,0,2,0,0,0
264,270.368,8448,3.05639,-5.7277,-179.154,-1.06114,-2.97833,0.00255385,19.2814,31.0363,55889,180076,124187,28375,296,4,EXPAND_MAP,EXPLORATION_FRONTIER,EXPLORE,FORWARD,hybrid-row,ROW_FORWARD:cell fill after ro t=1.1s d=0.00/0.18,0,none,0,-1,wavefront frontier cost=0.33m len=3 score=104.3 comp=0 fp=941/0.00 cont=0.0 wall=0.0 seg=point geom first=15deg corne commitType=frontier intent=EXPAND_MAP fr=283 exploreRoute=frontier-only cost=2. noise=cache57:obs-1/ defer=0 plan=90ms/457,0,0,0,,,,,,,,,,,,,,,,,170.984,89.6013,457,load=shed loop=171 ema=82,0,lowObs=idle,0,2,0,0,0
265,271.392,8480,2.92412,-5.72966,-179.154,-1.19348,-2.98028,0.00249377,19.4137,31.0363,55889,180076,124187,28375,296,4,EXPAND_MAP,EXPLORATION_FRONTIER,EXPLORE,FORWARD,hybrid-row,ROW_FORWARD:cell fill after ro t=1.1s d=0.00/0.18,0,none,0,-1,wavefront frontier cost=0.33m len=3 score=104.3 comp=0 fp=941/0.00 cont=0.0 wall=0.0 seg=point geom first=15deg corne commitType=frontier intent=EXPAND_MAP fr=283 exploreRoute=frontier-only cost=2. noise=cache57:obs-1/ defer=0 plan=90ms/457,0,0,0,205,434,636,229,0,205,0,229,517,259,403,0.596774,0.403226,0.220503,1,quality_gate=n/a,164.409,89.6013,457,load=shed loop=164 ema=95,0,lowObs=idle,0,2,0,0,0
266,272.416,8512,2.79184,-5.73161,-179.154,-1.32582,-2.98224,0.00243381,19.546,31.0363,55889,180076,124187,28375,296,4,EXPAND_MAP,EXPLORATION_FRONTIER,EXPLORE,FORWARD,hybrid-row,ROW_FORWARD:cell fill after ro t=1.1s d=0.00/0.18,0,none,0,-1,wavefront frontier cost=0.33m len=3 score=104.3 comp=0 fp=941/0.00 cont=0.0 wall=0.0 seg=point geom first=15deg corne commitType=frontier intent=EXPAND_MAP fr=283 exploreRoute=frontier-only cost=2. noise=cache57:obs-1/ defer=0 plan=90ms/457,0,0,0,,,,,,,,,,,,,,,,,194.972,89.6013,457,load=shed loop=195 ema=103,0,lowObs=idle,0,2,0,0,0
267,273.44,8544,2.65957,-5.73357,-179.154,-1.45815,-2.98419,0.00237396,19.6783,31.0363,55889,180076,124187,28375,296,4,EXPAND_MAP,EXPLORATION_FRONTIER,EXPLORE,FORWARD,hybrid-row,ROW_FORWARD:cell fill after ro t=1.1s d=0.00/0.18,0,none,0,-1,wavefront frontier cost=0.33m len=3 score=104.3 comp=0 fp=941/0.00 cont=0.0 wall=0.0 seg=point geom first=15deg corne commitType=frontier intent=EXPAND_MAP fr=283 exploreRoute=frontier-only cost=2. noise=cache57:obs-1/ defer=0 plan=90ms/457,0,0,0,,,,,,,,,,,,,,,,,178.515,89.6013,457,load=shed loop=179 ema=93,0,lowObs=idle,0,2,0,0,0
268,274.464,8576,2.52729,-5.73552,-179.154,-1.59049,-2.98615,0.00231425,19.8106,31.0363,55889,180076,124187,28375,296,4,EXPAND_MAP,EXPLORATION_FRONTIER,EXPLORE,FORWARD,hybrid-row,ROW_FORWARD:cell fill after ro t=1.1s d=0.00/0.18,0,none,0,-1,wavefront frontier cost=0.33m len=3 score=104.3 comp=0 fp=941/0.00 cont=0.0 wall=0.0 seg=point geom first=15deg corne commitType=frontier intent=EXPAND_MAP fr=283 exploreRoute=frontier-only cost=2. noise=cache57:obs-1/ defer=0 plan=90ms/457,0,0,0,,,,,,,,,,,,,,,,,157.763,89.6013,457,load=shed loop=158 ema=103,0,lowObs=idle,0,2,0,0,0
269,275.488,8608,2.39502,-5.73748,-179.154,-1.72283,-2.9881,0.00225468,19.9429,31.0363,55889,180076,124187,28375,296,4,EXPAND_MAP,EXPLORATION_FRONTIER,EXPLORE,FORWARD,hybrid-row,ROW_FORWARD:cell fill after ro t=1.1s d=0.00/0.18,0,none,0,-1,wavefront frontier cost=0.33m len=3 score=104.3 comp=0 fp=941/0.00 cont=0.0 wall=0.0 seg=point geom first=15deg corne commitType=frontier intent=EXPAND_MAP fr=283 exploreRoute=frontier-only cost=2. noise=cache57:obs-1/ defer=0 plan=90ms/457,0,0,0,,,,,,,,,,,,,,,,,154.209,89.6013,457,load=shed loop=154 ema=89,0,lowObs=idle,0,2,0,0,0
270,276.512,8640,2.26274,-5.73943,-179.154,-1.85517,-2.99006,0.00219526,20.0751,31.0363,55889,180076,124187,28375,296,4,EXPAND_MAP,EXPLORATION_FRONTIER,EXPLORE,FORWARD,hybrid-row,ROW_FORWARD:cell fill after ro t=1.1s d=0.00/0.18,0,none,0,-1,wavefront frontier cost=0.33m len=3 score=104.3 comp=0 fp=941/0.00 cont=0.0 wall=0.0 seg=point geom first=15deg corne commitType=frontier intent=EXPAND_MAP fr=283 exploreRoute=frontier-only cost=2. noise=cache57:obs-1/ defer=0 plan=90ms/457,0,0,0,205,434,636,229,0,205,0,229,517,259,403,0.596774,0.403226,0.220503,1,quality_gate=n/a,252.597,89.6013,457,load=shed loop=253 ema=111,0,lowObs=idle,0,2,0,0,0
271,277.536,8672,2.13047,-5.74138,-179.154,-1.9875,-2.99201,0.002136,20.2074,31.6032,59249,187478,128229,28851,209,3,EXPAND_MAP,EXPLORATION_FRONTIER,EXPLORE,FORWARD,hybrid-row,ROW_FORWARD:cell fill after ro t=1.1s d=0.00/0.18,0,none,0,-1,wavefront frontier cost=0.33m len=3 score=104.4 comp=0 fp=941/0.00 cont=0.0 wall=0.0 seg=point geom first=13deg corne commitType=frontier intent=EXPAND_MAP fr=288 exploreRoute=frontier-only cost=2. noise=cache27:obs-1/ defer=0 plan=189ms/302,0,0,0,,,,,,,,,,,,,,,,,152.713,189.096,302,load=shed loop=153 ema=233,0,lowObs=idle,0,2,0,0,0
272,278.56,8704,1.99819,-5.74334,-179.154,-2.11984,-2.99397,0.00207693,20.3397,31.6032,59249,187478,128229,28851,209,3,EXPAND_MAP,EXPLORATION_FRONTIER,EXPLORE,FORWARD,hybrid-row,ROW_FORWARD:cell fill after ro t=1.1s d=0.00/0.18,0,none,0,-1,wavefront frontier cost=0.33m len=3 score=104.4 comp=0 fp=941/0.00 cont=0.0 wall=0.0 seg=point geom first=13deg corne commitType=frontier intent=EXPAND_MAP fr=288 exploreRoute=frontier-only cost=2. noise=cache27:obs-1/ defer=0 plan=189ms/302,0,0,0,,,,,,,,,,,,,,,,,173.803,189.096,302,load=shed loop=174 ema=94,0,lowObs=idle,0,2,0,0,0
273,279.584,8736,1.86591,-5.74529,-179.154,-2.25218,-2.99592,0.00201805,20.472,31.6032,59249,187478,128229,28851,209,3,EXPAND_MAP,EXPLORATION_FRONTIER,EXPLORE,FORWARD,hybrid-row,ROW_FORWARD:cell fill after ro t=1.1s d=0.00/0.18,0,none,0,-1,wavefront frontier cost=0.33m len=3 score=104.4 comp=0 fp=941/0.00 cont=0.0 wall=0.0 seg=point geom first=13deg corne commitType=frontier intent=EXPAND_MAP fr=288 exploreRoute=frontier-only cost=2. noise=cache27:obs-1/ defer=0 plan=189ms/302,0,0,0,,,,,,,,,,,,,,,,,177.216,189.096,302,load=shed loop=177 ema=94,0,lowObs=idle,0,2,0,0,0
274,280.608,8768,1.73364,-5.74725,-179.154,-2.38452,-2.99788,0.00195938,20.6043,31.6032,59249,187478,128229,28851,209,3,EXPAND_MAP,EXPLORATION_FRONTIER,EXPLORE,FORWARD,hybrid-row,ROW_FORWARD:cell fill after ro t=1.1s d=0.00/0.18,0,none,0,-1,wavefront frontier cost=0.33m len=3 score=104.4 comp=0 fp=941/0.00 cont=0.0 wall=0.0 seg=point geom first=13deg corne commitType=frontier intent=EXPAND_MAP fr=288 exploreRoute=frontier-only cost=2. noise=cache27:obs-1/ defer=0 plan=189ms/302,0,0,0,,,,,,,,,,,,,,,,,147.486,189.096,302,load=shed loop=147 ema=91,0,lowObs=idle,0,2,0,0,0
275,281.632,8800,1.60136,-5.7492,-179.154,-2.51685,-2.99983,0.00190095,20.7366,31.6032,59249,187478,128229,28851,209,3,EXPAND_MAP,EXPLORATION_FRONTIER,EXPLORE,FORWARD,hybrid-row,ROW_FORWARD:cell fill after ro t=1.1s d=0.00/0.18,0,none,0,-1,wavefront frontier cost=0.33m len=3 score=104.4 comp=0 fp=941/0.00 cont=0.0 wall=0.0 seg=point geom first=13deg corne commitType=frontier intent=EXPAND_MAP fr=288 exploreRoute=frontier-only cost=2. noise=cache27:obs-1/ defer=0 plan=189ms/302,0,0,0,205,434,636,229,0,205,0,229,517,259,403,0.596774,0.403226,0.220503,1,quality_gate=n/a,173.196,189.096,302,load=shed loop=173 ema=91,0,lowObs=idle,0,2,0,0,0
276,282.656,8832,1.46909,-5.75116,-179.154,-2.64919,-3.00179,0.00184277,20.8689,31.6032,59249,187478,128229,28851,209,3,EXPAND_MAP,EXPLORATION_FRONTIER,EXPLORE,FORWARD,hybrid-row,ROW_FORWARD:cell fill after ro t=1.1s d=0.00/0.18,0,none,0,-1,wavefront frontier cost=0.33m len=3 score=104.4 comp=0 fp=941/0.00 cont=0.0 wall=0.0 seg=point geom first=13deg corne commitType=frontier intent=EXPAND_MAP fr=288 exploreRoute=frontier-only cost=2. noise=cache27:obs-1/ defer=0 plan=189ms/302,0,0,0,,,,,,,,,,,,,,,,,167.897,189.096,302,load=shed loop=168 ema=91,0,lowObs=idle,0,2,0,0,0
277,283.68,8864,1.33681,-5.75311,-179.154,-2.78153,-3.00374,0.00178487,21.0012,31.6032,59249,187478,128229,28851,209,3,EXPAND_MAP,EXPLORATION_FRONTIER,EXPLORE,FORWARD,hybrid-row,ROW_FORWARD:cell fill after ro t=1.1s d=0.00/0.18,0,none,0,-1,wavefront frontier cost=0.33m len=3 score=104.4 comp=0 fp=941/0.00 cont=0.0 wall=0.0 seg=point geom first=13deg corne commitType=frontier intent=EXPAND_MAP fr=288 exploreRoute=frontier-only cost=2. noise=cache27:obs-1/ defer=0 plan=189ms/302,0,0,0,,,,,,,,,,,,,,,,,145.362,189.096,302,load=shed loop=145 ema=89,0,lowObs=idle,0,2,0,0,0
278,284.704,8896,1.20454,-5.75506,-179.154,-2.91387,-3.0057,0.00172727,21.1335,31.6032,59249,187478,128229,28851,209,3,EXPAND_MAP,EXPLORATION_FRONTIER,EXPLORE,FORWARD,hybrid-row,ROW_FORWARD:cell fill after ro t=1.1s d=0.00/0.18,0,none,0,-1,wavefront frontier cost=0.33m len=3 score=104.4 comp=0 fp=941/0.00 cont=0.0 wall=0.0 seg=point geom first=13deg corne commitType=frontier intent=EXPAND_MAP fr=288 exploreRoute=frontier-only cost=2. noise=cache27:obs-1/ defer=0 plan=189ms/302,0,0,0,,,,,,,,,,,,,,,,,163.921,189.096,302,load=shed loop=164 ema=87,0,lowObs=idle,0,2,0,0,0
279,285.728,8928,1.0778,-5.75683,-179.976,-3.04071,-3.00747,0.00163575,21.2602,32.9532,62681,190212,127531,26926,209,3,EXPAND_MAP,EXPLORATION_FRONTIER,EXPLORE,FORWARD,frontier-route,ROUTE_COMMIT:route commit: fron t=22.0s d=0.00/0.00,1,frontier,3,0.333689,wavefront frontier cost=0.33m len=3 score=99.1 comp=0 fp=934/0.01 cont=0.0 wall=0.0 seg=point geom first=14deg corne commitType=frontier intent=EXPAND_MAP fr=269 exploreRoute=frontier-only cost=2. noise=cache1:obs-3/3 defer=0 plan=186ms/525,0,0,0,,,,,,,,,,,,,,,,,135.574,185.902,525,load=shed loop=136 ema=158,0,lowObs=idle,0,2,0,0,0
280,286.752,8960,0.980988,-5.75455,177.451,-3.13753,-3.0052,0.00162916,21.3571,32.9532,62681,190212,127531,26926,209,3,EXPAND_MAP,EXPLORATION_FRONTIER,EXPLORE,FORWARD,frontier-route,ROUTE_COMMIT:route commit: fron t=22.0s d=0.00/0.00,1,frontier,3,0.333689,wavefront frontier cost=0.33m len=3 score=99.1 comp=0 fp=934/0.01 cont=0.0 wall=0.0 seg=point geom first=14deg corne commitType=frontier intent=EXPAND_MAP fr=269 exploreRoute=frontier-only cost=2. noise=cache1:obs-3/3 defer=0 plan=186ms/525,0,0,0,228,457,659,229,0,228,0,229,520,282,406,0.617068,0.382932,0.219231,1,quality_gate=n/a,109.011,185.902,525,load=shed loop=109 ema=60,0,lowObs=idle,0,2,0,0,0
281,287.776,8992,0.968895,-5.75399,177.9,-3.14962,-3.00463,0.00162185,21.3692,32.9532,62681,190212,127531,26926,209,3,EXPAND_MAP,EXPLORATION_FRONTIER,EXPLORE,RGBD_SNAPSHOT,frontier-hold,RGBD_SNAPSHOT:RGB-D snapshot set t=1.4s d=0.00/0.00,0,none,0,-1,wavefront frontier cost=0.33m len=3 score=99.5 comp=0 fp=941/-0.00 cont=0.0 wall=0.0 seg=point geom first=10deg corne commitType=frontier intent=EXPAND_MAP fr=269 exploreRoute=frontier-only cost=2. noise=cache43:obs-3/ defer=0 plan=78ms/225,0,0,0,,,,,,,,,,,,,,,,,169.25,77.9264,225,load=shed loop=169 ema=77,0,lowObs=idle,0,2,0,0,0
282,288.8,9024,0.908848,-5.75406,178.998,-3.20951,-3.00472,0.00177538,21.4292,33.1447,63066,190275,127209,26879,209,3,EXPAND_MAP,EXPLORATION_FRONTIER,EXPLORE,FORWARD,frontier-route,ROUTE_COMMIT:route commit: fron t=22.0s d=0.00/0.00,1,frontier,3,0.33563,wavefront frontier cost=0.34m len=3 score=99.4 comp=0 fp=923/0.02 cont=0.0 wall=0.0 seg=point geom first=10deg corne commitType=frontier intent=EXPAND_MAP fr=268 exploreRoute=frontier-only cost=2. noise=cache8:obs-3/3 defer=0 plan=79ms/332,0,0,0,,,,,,,,,,,,,,,,,153.562,79.4748,332,load=shed loop=154 ema=66,0,lowObs=idle,0,2,0,0,0
283,289.824,9056,0.83186,-5.7524,-179.422,-3.2863,-3.00303,0.00195158,21.5062,33.1447,63066,190275,127209,26879,209,3,EXPAND_MAP,EXPLORATION_FRONTIER,EXPLORE,FORWARD,hybrid-row,ROW_FORWARD:cell fill after ro t=1.1s d=0.00/0.18,0,none,0,-1,wavefront frontier cost=0.33m len=3 score=99.3 comp=0 fp=941/0.00 cont=0.0 wall=0.0 seg=point geom first=13deg corne commitType=frontier intent=EXPAND_MAP fr=268 exploreRoute=frontier-only cost=2. noise=cache52:obs-3/ defer=0 plan=263ms/256,0,0,0,,,,,,,,,,,,,,,,,55.6791,263.466,256,load=shed loop=56 ema=53,0,lowObs=idle,0,2,0,0,0
284,290.848,9088,0.715004,-5.75381,-179.3,-3.40324,-3.00444,0.00188155,21.6231,33.3985,63557,190299,126742,26856,209,3,EXPAND_MAP,EXPLORATION_FRONTIER,EXPLORE,FORWARD,hybrid-row,ROW_FORWARD:cell fill after ro t=1.1s d=0.00/0.18,0,none,0,-1,wavefront frontier cost=0.33m len=3 score=99.2 comp=0 fp=941/0.00 cont=0.0 wall=0.0 seg=point geom first=13deg corne commitType=frontier intent=EXPAND_MAP fr=268 exploreRoute=frontier-only cost=2. noise=cache18:obs-3/ defer=0 plan=75ms/186,0,0,0,,,,,,,,,,,,,,,,,92.4973,74.7428,186,load=shed loop=92 ema=82,0,lowObs=idle,0,2,0,0,0
285,291.872,9120,0.582906,-5.75542,-179.3,-3.5354,-3.00606,0.00181602,21.7552,33.3985,63557,190299,126742,26856,209,3,EXPAND_MAP,EXPLORATION_FRONTIER,EXPLORE,FORWARD,hybrid-row,ROW_FORWARD:cell fill after ro t=1.1s d=0.00/0.18,0,none,0,-1,wavefront frontier cost=0.33m len=3 score=99.2 comp=0 fp=941/0.00 cont=0.0 wall=0.0 seg=point geom first=13deg corne commitType=frontier intent=EXPAND_MAP fr=268 exploreRoute=frontier-only cost=2. noise=cache18:obs-3/ defer=0 plan=75ms/186,0,0,0,228,457,659,229,0,228,0,229,520,282,406,0.617068,0.382932,0.219231,1,quality_gate=n/a,232.228,74.7428,186,load=shed loop=232 ema=95,0,lowObs=idle,0,2,0,0,0
286,292.896,9152,0.450626,-5.75704,-179.3,-3.66775,-3.00768,0.00175829,21.8875,33.3985,63557,190299,126742,26856,209,3,EXPAND_MAP,EXPLORATION_FRONTIER,EXPLORE,FORWARD,hybrid-row,ROW_FORWARD:cell fill after ro t=1.1s d=0.00/0.18,0,none,0,-1,wavefront frontier cost=0.33m len=3 score=99.2 comp=0 fp=941/0.00 cont=0.0 wall=0.0 seg=point geom first=13deg corne commitType=frontier intent=EXPAND_MAP fr=268 exploreRoute=frontier-only cost=2. noise=cache18:obs-3/ defer=0 plan=75ms/186,0,0,0,,,,,,,,,,,,,,,,,127.98,74.7428,186,load=shed loop=128 ema=82,0,lowObs=idle,0,2,0,0,0
287,293.92,9184,0.345012,-5.75833,-179.3,-3.7734,-3.00897,0.00172025,21.9931,33.3985,63557,190299,126742,26856,209,3,EXPAND_MAP,EXPLORATION_FRONTIER,EXPLORE,FORWARD,hybrid-row,ROW_FORWARD:cell fill after ro t=1.1s d=0.00/0.18,0,none,0,-1,wavefront frontier cost=0.33m len=3 score=99.2 comp=0 fp=941/0.00 cont=0.0 wall=0.0 seg=point geom first=13deg corne commitType=frontier intent=EXPAND_MAP fr=268 exploreRoute=frontier-only cost=2. noise=cache18:obs-3/ defer=0 plan=75ms/186,0,0,0,,,,,,,,,,,,,,,,,146.068,74.7428,186,load=shed loop=146 ema=81,0,lowObs=idle,0,2,0,0,0
288,294.944,9216,0.268976,-5.75926,-179.3,-3.84945,-3.0099,0.00171285,22.0692,33.3985,63557,190299,126742,26856,209,3,EXPAND_MAP,EXPLORATION_FRONTIER,EXPLORE,FORWARD,hybrid-row,ROW_FORWARD:cell fill after ro t=1.1s d=0.00/0.18,0,none,0,-1,wavefront frontier cost=0.33m len=3 score=99.2 comp=0 fp=941/0.00 cont=0.0 wall=0.0 seg=point geom first=13deg corne commitType=frontier intent=EXPAND_MAP fr=268 exploreRoute=frontier-only cost=2. noise=cache18:obs-3/ defer=0 plan=75ms/186,0,0,0,,,,,,,,,,,,,,,,,141.49,74.7428,186,load=shed loop=141 ema=84,0,lowObs=idle,0,2,0,0,0
289,295.968,9248,0.252347,-5.75946,175.264,-3.86608,-3.0101,0.00170644,22.0858,33.3985,63557,190299,126742,26856,209,3,EXPAND_MAP,EXPLORATION_FRONTIER,EXPLORE,SCAN_AROUND,frontier-hold,SCAN_AROUND:active RGB-D scan: t=5.8s d=0.00/0.00,0,none,0,-1,wavefront frontier cost=0.33m len=3 score=99.2 comp=0 fp=941/0.00 cont=0.0 wall=0.0 seg=point geom first=13deg corne commitType=frontier intent=EXPAND_MAP fr=268 exploreRoute=frontier-only cost=2. noise=cache18:obs-3/ defer=0 plan=75ms/186,0,0,0,,,,,,,,,,,,,,,,,57.252,74.7428,186,load=shed loop=57 ema=30,0,lowObs=idle,0,2,0,0,0
290,296.992,9280,0.252347,-5.75946,160.338,-3.8661,-3.01008,0.00167828,22.0858,33.3985,63557,190299,126742,26856,209,3,EXPAND_MAP,EXPLORATION_FRONTIER,EXPLORE,SCAN_AROUND,frontier-hold,SCAN_AROUND:active RGB-D scan: t=5.8s d=0.00/0.00,0,none,0,-1,wavefront frontier cost=0.33m len=3 score=99.2 comp=0 fp=941/0.00 cont=0.0 wall=0.0 seg=point geom first=13deg corne commitType=frontier intent=EXPAND_MAP fr=268 exploreRoute=frontier-only cost=2. noise=cache18:obs-3/ defer=0 plan=75ms/186,0,0,0,228,457,659,229,0,228,0,229,520,282,406,0.617068,0.382932,0.219231,1,quality_gate=n/a,75.3989,74.7428,186,load=shed loop=75 ema=36,0,lowObs=idle,0,2,0,0,0
291,298.016,9312,0.252347,-5.75946,152.117,-3.8661,-3.01007,0.00167484,22.0858,33.3985,63557,190299,126742,26856,209,3,EXPAND_MAP,EXPLORATION_FRONTIER,EXPLORE,SCAN_AROUND,frontier-hold,SCAN_AROUND:active RGB-D scan: t=5.8s d=0.00/0.00,0,none,0,-1,wavefront frontier cost=0.33m len=3 score=99.2 comp=0 fp=941/0.00 cont=0.0 wall=0.0 seg=point geom first=13deg corne commitType=frontier intent=EXPAND_MAP fr=268 exploreRoute=frontier-only cost=2. noise=cache18:obs-3/ defer=0 plan=75ms/186,0,0,0,,,,,,,,,,,,,,,,,70.6017,74.7428,186,load=shed loop=71 ema=30,0,lowObs=idle,0,2,0,0,0
292,299.04,9344,0.252347,-5.75946,160.678,-3.86611,-3.01008,0.00167319,22.0858,33.3985,63557,190299,126742,26856,209,3,EXPAND_MAP,EXPLORATION_FRONTIER,EXPLORE,SCAN_AROUND,frontier-hold,SCAN_AROUND:active RGB-D scan: t=5.8s d=0.00/0.00,0,none,0,-1,wavefront frontier cost=0.33m len=3 score=99.2 comp=0 fp=941/0.00 cont=0.0 wall=0.0 seg=point geom first=13deg corne commitType=frontier intent=EXPAND_MAP fr=268 exploreRoute=frontier-only cost=2. noise=cache18:obs-3/ defer=0 plan=75ms/186,0,0,0,,,,,,,,,,,,,,,,,130.845,74.7428,186,load=shed loop=131 ema=42,0,lowObs=idle,0,2,0,0,0
293,300.064,9376,0.252347,-5.75946,-179.988,-3.86611,-3.0101,0.00167873,22.0858,33.3985,63557,190299,126742,26856,209,3,EXPAND_MAP,EXPLORATION_FRONTIER,EXPLORE,SCAN_AROUND,frontier-hold,SCAN_AROUND:active RGB-D scan: t=5.8s d=0.00/0.00,0,none,0,-1,wavefront frontier cost=0.33m len=3 score=99.2 comp=0 fp=941/0.00 cont=0.0 wall=0.0 seg=point geom first=13deg corne commitType=frontier intent=EXPAND_MAP fr=268 exploreRoute=frontier-only cost=2. noise=cache18:obs-3/ defer=0 plan=75ms/186,0,0,0,,,,,,,,,,,,,,,,,57.2336,74.7428,186,load=shed loop=57 ema=30,0,lowObs=idle,0,2,0,0,0
294,301.088,9408,0.246525,-5.76111,-164.594,-3.87176,-3.01174,0.00184022,22.0918,34.2473,65203,190389,125186,26950,209,3,EXPAND_MAP,EXPLORATION_FRONTIER,EXPLORE,FORWARD,frontier-route,ROUTE_COMMIT:route commit: fron t=22.0s d=0.00/0.00,1,frontier,4,0.507395,wavefront frontier cost=0.51m len=4 score=95.7 comp=0 fp=851/0.10 cont=0.0 wall=0.0 seg=point geom first=36deg corne commitType=frontier intent=EXPAND_MAP fr=269 exploreRoute=frontier-only cost=2. noise=cache62:obs-3/ defer=0 plan=174ms/408,0,0,0,,,,,,,,,,,,,,,,,114.161,174.302,408,load=shed loop=114 ema=192,0,lowObs=idle,0,2,0,0,0
295,302.112,9440,0.191089,-5.77639,-168.767,-3.92732,-3.02703,0.00172842,22.1493,34.2935,65291,190389,125098,26950,209,3,EXPAND_MAP,EXPLORATION_FRONTIER,EXPLORE,GRID_REALIGN,fallback,GRID_REALIGN:hard-core heading  t=2.2s d=0.00/0.00,0,none,0,-1,wavefront frontier cost=0.51m len=4 score=90.7 comp=0 fp=651/0.00 cont=0.0 wall=0.0 seg=point geom first=49deg corne commitType=frontier intent=EXPAND_MAP fr=269 exploreRoute=frontier-only cost=2. noise=cache17:obs-3/ defer=0 plan=171ms/769,0,0,0,228,457,659,229,0,228,0,229,520,282,406,0.617068,0.382932,0.219231,1,quality_gate=n/a,72.0884,170.856,769,load=shed loop=72 ema=68,0,lowObs=idle,0,2,0,0,0
296,303.136,9472,0.191089,-5.77639,-177.095,-3.92731,-3.02701,0.00172952,22.1493,34.2935,65291,190389,125098,26950,209,3,EXPAND_MAP,EXPLORATION_FRONTIER,EXPLORE,GRID_REALIGN,fallback,GRID_REALIGN:hard-core heading  t=2.2s d=0.00/0.00,0,none,0,-1,wavefront frontier cost=0.51m len=4 score=91.7 comp=0 fp=651/-0.00 cont=0.0 wall=0.0 seg=point geom first=39deg corne commitType=frontier intent=EXPAND_MAP fr=269 exploreRoute=frontier-only cost=2. noise=cache52:obs-3/ defer=0 plan=187ms/3265,0,0,0,,,,,,,,,,,,,,,,,56.2073,187.371,3265,load=shed loop=56 ema=107,0,lowObs=idle,0,2,0,0,0
297,304.16,9504,0.191089,-5.77639,-177.848,-3.92731,-3.02701,0.00172929,22.1493,34.2935,65291,190389,125098,26950,209,3,EXPAND_MAP,EXPLORATION_FRONTIER,EXPLORE,RGBD_SNAPSHOT,frontier-hold,RGBD_SNAPSHOT:RGB-D snapshot set t=1.4s d=0.00/0.00,0,none,0,-1,wavefront frontier cost=0.51m len=4 score=91.7 comp=0 fp=651/-0.00 cont=0.0 wall=0.0 seg=point geom first=39deg corne commitType=frontier intent=EXPAND_MAP fr=269 exploreRoute=frontier-only cost=2. noise=cache52:obs-3/ defer=0 plan=187ms/3265,0,0,0,,,,,,,,,,,,,,,,,95.3568,187.371,3265,load=shed loop=95 ema=54,0,lowObs=idle,0,2,0,0,0
298,305.184,9536,0.10033,-5.7755,177.43,-4.01805,-3.02613,0.00175244,22.2401,34.337,65381,190410,125029,26973,209,3,EXPAND_MAP,EXPLORATION_FRONTIER,EXPLORE,FORWARD,frontier-route,ROUTE_COMMIT:route commit: fron t=22.0s d=0.00/0.00,1,frontier,4,0.513277,wavefront frontier cost=0.51m len=4 score=92.3 comp=0 fp=651/-0.00 cont=0.0 wall=0.0 seg=point geom first=37deg corne commitType=frontier intent=EXPAND_MAP fr=269 exploreRoute=frontier-only cost=2. noise=cache18:obs-3/ defer=0 plan=160ms/122,0,0,0,,,,,,,,,,,,,,,,,77.269,160.186,122,load=shed loop=77 ema=56,0,lowObs=idle,0,2,0,0,0
299,306.208,9568,0.0399076,-5.77195,160.795,-4.07856,-3.02256,0.00166383,22.3007,34.337,65381,190410,125029,26973,209,3,EXPAND_MAP,EXPLORATION_FRONTIER,EXPLORE,GRID_REALIGN,fallback,GRID_REALIGN:arena boundary gua t=2.2s d=0.00/0.00,0,none,0,-1,wavefront frontier cost=0.68m len=5 score=87.9 comp=0 fp=547/0.00 cont=0.0 wall=0.0 seg=point geom first=25deg corne commitType=frontier intent=EXPAND_MAP fr=269 exploreRoute=frontier-only cost=2. noise=cache69:obs-3/ defer=0 plan=165ms/205,0,0,0,,,,,,,,,,,,,,,,,55.511,165.259,205,load=shed loop=56 ema=58,0,lowObs=idle,0,2,0,0,0
300,307.232,9600,0.0399077,-5.77195,112.454,-4.07856,-3.02252,0.00164456,22.3007,34.5764,65838,190413,124575,26970,209,3,EXPAND_MAP,EXPLORATION_FRONTIER,EXPLORE,GRID_REALIGN,fallback,GRID_REALIGN:arena boundary gua t=2.2s d=0.00/0.00,0,none,0,-1,wavefront frontier cost=0.34m len=3 score=90.9 comp=0 fp=930/0.01 cont=0.0 wall=0.0 seg=point geom first=53deg corne commitType=frontier intent=EXPAND_MAP fr=269 exploreRoute=frontier-only cost=2. noise=cache31:obs-3/ defer=0 plan=73ms/540,0,0,0,228,457,659,229,0,228,0,229,520,282,406,0.617068,0.382932,0.219231,1,quality_gate=n/a,163.832,72.9969,540,load=shed loop=164 ema=82,0,lowObs=idle,0,2,0,0,0
301,308.256,9632,0.0399081,-5.77195,65.6498,-4.0785,-3.02251,0.0016971,22.3007,34.5764,65838,190413,124575,26970,209,3,EXPAND_MAP,EXPLORATION_FRONTIER,EXPLORE,GRID_REALIGN,fallback,GRID_REALIGN:grid realign retry t=0.6s d=0.00/0.00,0,none,0,-1,wavefront frontier cost=0.34m len=3 score=90.9 comp=0 fp=930/0.01 cont=0.0 wall=0.0 seg=point geom first=53deg corne commitType=frontier intent=EXPAND_MAP fr=269 exploreRoute=frontier-only cost=2. noise=cache31:obs-3/ defer=0 plan=73ms/540,0,0,0,,,,,,,,,,,,,,,,,80.6692,72.9969,540,load=shed loop=81 ema=56,0,lowObs=idle,0,2,0,0,0
302,309.28,9664,0.0192272,-5.79056,40.1364,-4.09914,-3.04114,0.00174487,22.3285,34.5764,65838,190413,124575,26970,209,3,EXPAND_MAP,EXPLORATION_FRONTIER,EXPLORE,RECOVERY_BACKUP,recovery,RECOVERY:backup: grid reali t=0.6s d=0.00/0.00,0,none,0,-1,wavefront frontier cost=0.34m len=3 score=90.9 comp=0 fp=930/0.01 cont=0.0 wall=0.0 seg=point geom first=53deg corne commitType=frontier intent=EXPAND_MAP fr=269 exploreRoute=frontier-only cost=2. noise=cache31:obs-3/ defer=0 plan=73ms/540,0,0,0,,,,,,,,,,,,,,,,,58.9829,72.9969,540,load=shed loop=59 ema=30,0,lowObs=idle,0,3,0,0,0
303,310.304,9696,0.0127431,-5.79592,-9.72236,-4.10561,-3.04654,0.00176956,22.3369,34.5764,65838,190413,124575,26970,209,3,EXPAND_MAP,EXPLORATION_FRONTIER,EXPLORE,TURN_90_IN_PLACE,fallback,PIVOT_90:pivot 90 target=-9 t=3.2s d=0.00/0.00,0,none,0,-1,wavefront frontier cost=0.34m len=3 score=90.9 comp=0 fp=930/0.01 cont=0.0 wall=0.0 seg=point geom first=53deg corne commitType=frontier intent=EXPAND_MAP fr=269 exploreRoute=frontier-only cost=2. noise=cache31:obs-3/ defer=0 plan=73ms/540,0,0,0,,,,,,,,,,,,,,,,,75.8024,72.9969,540,load=shed loop=76 ema=31,0,lowObs=idle,0,3,0,0,0
304,311.328,9728,0.0127431,-5.79592,-55.2894,-4.10565,-3.04659,0.00175532,22.3369,34.5764,65838,190413,124575,26970,209,3,EXPAND_MAP,EXPLORATION_FRONTIER,EXPLORE,TURN_90_IN_PLACE,fallback,PIVOT_90:pivot 90 target=-9 t=3.2s d=0.00/0.00,0,none,0,-1,wavefront frontier cost=0.34m len=3 score=90.9 comp=0 fp=930/0.01 cont=0.0 wall=0.0 seg=point geom first=53deg corne commitType=frontier intent=EXPAND_MAP fr=269 exploreRoute=frontier-only cost=2. noise=cache31:obs-3/ defer=0 plan=73ms/540,0,0,0,,,,,,,,,,,,,,,,,56.9558,72.9969,540,load=shed loop=57 ema=34,0,lowObs=idle,0,3,0,0,0
305,312.352,9760,0.0127431,-5.79592,-75.2353,-4.10567,-3.0466,0.00173551,22.3369,34.5764,65838,190413,124575,26970,209,3,EXPAND_MAP,EXPLORATION_FRONTIER,EXPLORE,TURN_90_IN_PLACE,fallback,PIVOT_90:pivot 90 target=-9 t=3.2s d=0.00/0.00,0,none,0,-1,wavefront frontier cost=0.34m len=3 score=90.9 comp=0 fp=930/0.01 cont=0.0 wall=0.0 seg=point geom first=53deg corne commitType=frontier intent=EXPAND_MAP fr=269 exploreRoute=frontier-only cost=2. noise=cache31:obs-3/ defer=0 plan=73ms/540,0,0,0,228,457,659,229,0,228,0,229,520,282,406,0.617068,0.382932,0.219231,1,quality_gate=n/a,71.5176,72.9969,540,load=shed loop=72 ema=32,0,lowObs=idle,0,3,0,0,0
306,313.376,9792,0.0127431,-5.79592,-88.921,-4.10569,-3.0466,0.00172016,22.3369,34.5764,65838,190413,124575,26970,209,3,EXPAND_MAP,EXPLORATION_FRONTIER,EXPLORE,TURN_90_IN_PLACE,fallback,PIVOT_90:pivot 90 target=-9 t=3.2s d=0.00/0.00,0,none,0,-1,wavefront frontier cost=0.34m len=3 score=90.9 comp=0 fp=930/0.01 cont=0.0 wall=0.0 seg=point geom first=53deg corne commitType=frontier intent=EXPAND_MAP fr=269 exploreRoute=frontier-only cost=2. noise=cache31:obs-3/ defer=0 plan=73ms/540,0,0,0,,,,,,,,,,,,,,,,,78.2275,72.9969,540,load=shed loop=78 ema=32,0,lowObs=idle,0,3,0,0,0
307,314.4,9824,0.0127431,-5.79592,-89.2899,-4.10569,-3.0466,0.00171958,22.3369,34.5764,65838,190413,124575,26970,209,3,EXPAND_MAP,EXPLORATION_FRONTIER,EXPLORE,RGBD_SNAPSHOT,frontier-hold,RGBD_SNAPSHOT:RGB-D snapshot set t=1.4s d=0.00/0.00,0,none,0,-1,wavefront frontier cost=0.34m len=3 score=90.9 comp=0 fp=930/0.01 cont=0.0 wall=0.0 seg=point geom first=53deg corne commitType=frontier intent=EXPAND_MAP fr=269 exploreRoute=frontier-only cost=2. noise=cache31:obs-3/ defer=0 plan=73ms/540,0,0,0,,,,,,,,,,,,,,,,,77.9771,72.9969,540,load=shed loop=78 ema=38,0,lowObs=idle,0,3,0,0,0
308,315.424,9856,0.0127327,-5.79588,-75.6802,-4.10567,-3.04664,0.00178086,22.3369,34.6268,65934,190413,124479,26970,209,3,EXPAND_MAP,EXPLORATION_FRONTIER,EXPLORE,GRID_REALIGN,fallback,GRID_REALIGN:arena boundary gua t=2.2s d=0.00/0.00,0,none,0,-1,wavefront frontier cost=0.68m len=5 score=92.3 comp=0 fp=565/0.24 cont=0.0 wall=0.0 seg=point geom first=34deg corne commitType=frontier intent=EXPAND_MAP fr=269 exploreRoute=frontier-only cost=2. noise=obs-3/34 dirty defer=0 plan=164ms/333,0,0,0,,,,,,,,,,,,,,,,,78.7452,163.7,333,load=shed loop=79 ema=65,0,lowObs=idle,0,3,0,0,0
309,316.448,9888,0.0127443,-5.79592,-32.5475,-4.10563,-3.04668,0.0018076,22.3369,34.6268,65934,190413,124479,26970,209,3,EXPAND_MAP,EXPLORATION_FRONTIER,EXPLORE,GRID_REALIGN,fallback,GRID_REALIGN:arena boundary gua t=2.2s d=0.00/0.00,0,none,0,-1,wavefront frontier cost=0.68m len=5 score=92.3 comp=0 fp=565/0.24 cont=0.0 wall=0.0 seg=point geom first=34deg corne commitType=frontier intent=EXPAND_MAP fr=269 exploreRoute=frontier-only cost=2. noise=obs-3/34 dirty defer=0 plan=164ms/333,0,0,0,,,,,,,,,,,,,,,,,75.962,163.7,333,load=shed loop=76 ema=32,0,lowObs=idle,0,3,0,0,0
310,317.472,9920,0.0127443,-5.79592,-13.3719,-4.10562,-3.04666,0.00180331,22.3369,34.6268,65934,190413,124479,26970,209,3,EXPAND_MAP,EXPLORATION_FRONTIER,EXPLORE,GRID_REALIGN,fallback,GRID_REALIGN:grid realign retry t=0.6s d=0.00/0.00,0,none,0,-1,wavefront frontier cost=0.68m len=5 score=92.3 comp=0 fp=565/0.24 cont=0.0 wall=0.0 seg=point geom first=34deg corne commitType=frontier intent=EXPAND_MAP fr=269 exploreRoute=frontier-only cost=2. noise=obs-3/34 dirty defer=0 plan=164ms/333,0,0,0,228,457,659,229,0,228,0,229,520,282,406,0.617068,0.382932,0.219231,1,quality_gate=n/a,163.46,163.7,333,load=shed loop=163 ema=50,0,lowObs=idle,0,3,0,0,0
311,318.496,9952,-0.0127934,-5.79279,-5.68219,-4.13115,-3.0435,0.00180187,22.3626,34.6268,65934,190413,124479,26970,209,3,EXPAND_MAP,EXPLORATION_FRONTIER,EXPLORE,RECOVERY_BACKUP,recovery,RECOVERY:backup: grid reali t=0.6s d=0.00/0.00,0,none,0,-1,wavefront frontier cost=0.68m len=5 score=92.3 comp=0 fp=565/0.24 cont=0.0 wall=0.0 seg=point geom first=34deg corne commitType=frontier intent=EXPAND_MAP fr=269 exploreRoute=frontier-only cost=2. noise=obs-3/34 dirty defer=0 plan=164ms/333,0,0,0,,,,,,,,,,,,,,,,,61.1365,163.7,333,load=shed loop=61 ema=31,0,lowObs=idle,0,4,0,0,0
312,319.52,9984,-0.023257,-5.79183,39.539,-4.14156,-3.04249,0.00183283,22.3731,34.6268,65934,190413,124479,26970,209,3,EXPAND_MAP,EXPLORATION_FRONTIER,EXPLORE,TURN_90_IN_PLACE,fallback,PIVOT_90:pivot 90 target=90 t=3.2s d=0.00/0.00,0,none,0,-1,wavefront frontier cost=0.68m len=5 score=92.3 comp=0 fp=565/0.24 cont=0.0 wall=0.0 seg=point geom first=34deg corne commitType=frontier intent=EXPAND_MAP fr=269 exploreRoute=frontier-only cost=2. noise=obs-3/34 dirty defer=0 plan=164ms/333,0,0,0,,,,,,,,,,,,,,,,,81.0674,163.7,333,load=shed loop=81 ema=33,0,lowObs=idle,0,4,0,0,0
313,320.544,10016,-0.023257,-5.79183,68.5259,-4.14159,-3.04247,0.0017945,22.3731,34.6268,65934,190413,124479,26970,209,3,EXPAND_MAP,EXPLORATION_FRONTIER,EXPLORE,TURN_90_IN_PLACE,fallback,PIVOT_90:pivot 90 target=90 t=3.2s d=0.00/0.00,0,none,0,-1,wavefront frontier cost=0.68m len=5 score=92.3 comp=0 fp=565/0.24 cont=0.0 wall=0.0 seg=point geom first=34deg corne commitType=frontier intent=EXPAND_MAP fr=269 exploreRoute=frontier-only cost=2. noise=obs-3/34 dirty defer=0 plan=164ms/333,0,0,0,,,,,,,,,,,,,,,,,59.2755,163.7,333,load=shed loop=59 ema=33,0,lowObs=idle,0,4,0,0,0
314,321.568,10048,-0.023257,-5.79183,82.8704,-4.14161,-3.04247,0.00177611,22.3731,34.6268,65934,190413,124479,26970,209,3,EXPAND_MAP,EXPLORATION_FRONTIER,EXPLORE,TURN_90_IN_PLACE,fallback,PIVOT_90:pivot 90 target=90 t=3.2s d=0.00/0.00,0,none,0,-1,wavefront frontier cost=0.68m len=5 score=92.3 comp=0 fp=565/0.24 cont=0.0 wall=0.0 seg=point geom first=34deg corne commitType=frontier intent=EXPAND_MAP fr=269 exploreRoute=frontier-only cost=2. noise=obs-3/34 dirty defer=0 plan=164ms/333,0,0,0,,,,,,,,,,,,,,,,,61.7436,163.7,333,load=shed loop=62 ema=30,0,lowObs=idle,0,4,0,0,0
315,322.592,10080,-0.023257,-5.79183,89.2827,-4.14162,-3.04247,0.00176819,22.3731,34.6268,65934,190413,124479,26970,209,3,EXPAND_MAP,EXPLORATION_FRONTIER,EXPLORE,TURN_SETTLE,fallback,PIVOT_90:pivot 90 target=90 t=3.2s d=0.00/0.00,0,none,0,-1,wavefront frontier cost=0.68m len=5 score=92.3 comp=0 fp=565/0.24 cont=0.0 wall=0.0 seg=point geom first=34deg corne commitType=frontier intent=EXPAND_MAP fr=269 exploreRoute=frontier-only cost=2. noise=obs-3/34 dirty defer=0 plan=164ms/333,0,0,0,228,457,659,229,0,228,0,229,520,282,406,0.617068,0.382932,0.219231,1,quality_gate=n/a,178.217,163.7,333,load=shed loop=178 ema=50,0,lowObs=idle,0,4,0,0,0
316,323.616,10112,-0.023257,-5.79183,89.2827,-4.14162,-3.04247,0.00176822,22.3731,34.6268,65934,190413,124479,26970,209,3,EXPAND_MAP,EXPLORATION_FRONTIER,EXPLORE,RGBD_SNAPSHOT,frontier-hold,RGBD_SNAPSHOT:RGB-D snapshot set t=1.4s d=0.00/0.00,0,none,0,-1,wavefront frontier cost=0.68m len=5 score=92.3 comp=0 fp=565/0.24 cont=0.0 wall=0.0 seg=point geom first=34deg corne commitType=frontier intent=EXPAND_MAP fr=269 exploreRoute=frontier-only cost=2. noise=obs-3/34 dirty defer=0 plan=164ms/333,0,0,0,,,,,,,,,,,,,,,,,83.9774,163.7,333,load=shed loop=84 ema=59,0,lowObs=idle,0,4,0,0,0
317,324.64,10144,-0.0222201,-5.7071,89.5844,-4.14058,-2.95771,0.00176707,22.4579,34.6741,66024,190413,124389,26970,209,3,EXPAND_MAP,EXPLORATION_FRONTIER,EXPLORE,FORWARD,frontier-route,ROUTE_COMMIT:route commit: fron t=22.0s d=0.00/0.00,1,frontier,3,0.335888,wavefront frontier cost=0.34m len=3 score=95.2 comp=0 fp=910/0.03 cont=0.0 wall=0.0 seg=point geom first=10deg corne commitType=frontier intent=EXPAND_MAP fr=269 exploreRoute=frontier-only cost=2. noise=cache52:obs-3/ defer=0 plan=201ms/156,0,0,0,,,,,,,,,,,,,,,,,77.8092,201.471,156,load=shed loop=78 ema=57,0,lowObs=idle,0,4,0,0,0
318,325.664,10176,-0.0225763,-5.61133,90.3396,-4.14094,-2.86193,0.00175233,22.5536,34.6274,66127,190967,124840,29183,209,3,EXPAND_MAP,EXPLORATION_FRONTIER,EXPLORE,FORWARD,hybrid-row,ROW_FORWARD:cell fill after ro t=1.1s d=0.00/0.18,0,none,0,-1,wavefront frontier cost=0.33m len=3 score=104.7 comp=0 fp=884/0.00 cont=0.0 wall=0.0 seg=point geom first=9deg corner commitType=frontier intent=EXPAND_MAP fr=291 exploreRoute=frontier-only cost=2. noise=cache41:obs-3/ defer=0 plan=399ms/134,0,0,0,,,,,,,,,,,,,,,,,172.497,399.266,134,load=shed loop=172 ema=464,0,lowObs=idle,0,4,0,0,0
319,326.688,10208,-0.0232311,-5.50087,90.3396,-4.14159,-2.75133,0.00171096,22.6641,34.6274,66127,190967,124840,29183,209,3,EXPAND_MAP,EXPLORATION_FRONTIER,EXPLORE,FORWARD,hybrid-row,ROW_FORWARD:cell fill after ro t=1.1s d=0.00/0.18,0,none,0,-1,wavefront frontier cost=0.33m len=3 score=104.7 comp=0 fp=884/0.00 cont=0.0 wall=0.0 seg=point geom first=9deg corner commitType=frontier intent=EXPAND_MAP fr=291 exploreRoute=frontier-only cost=2. noise=cache41:obs-3/ defer=0 plan=399ms/134,0,0,0,,,,,,,,,,,,,,,,,108.427,399.266,134,load=shed loop=108 ema=64,0,lowObs=idle,0,4,0,0,0
320,327.712,10240,-0.0239636,-5.37728,90.3396,-4.14233,-2.62778,0.00172061,22.7877,34.8753,66752,191402,124650,29200,209,3,EXPAND_MAP,EXPLORATION_FRONTIER,EXPLORE,FORWARD,hybrid-row,ROW_FORWARD:cell fill after ro t=1.1s d=0.00/0.18,0,none,0,-1,wavefront frontier cost=0.33m len=3 score=104.7 comp=0 fp=697/0.00 cont=0.0 wall=0.0 seg=point geom first=9deg corner commitType=frontier intent=EXPAND_MAP fr=292 exploreRoute=frontier-only cost=3. noise=cache26:obs-4/ defer=0 plan=175ms/124,0,0,0,236,465,667,229,0,236,0,229,520,290,406,0.623656,0.376344,0.219231,1,quality_gate=n/a,100.073,174.663,124,load=shed loop=100 ema=74,0,lowObs=idle,0,4,0,0,0
321,328.736,10272,-0.0231502,-5.28276,83.8876,-4.14154,-2.53312,0.00165976,22.8823,34.8753,66752,191402,124650,29200,209,3,EXPAND_MAP,EXPLORATION_FRONTIER,EXPLORE,FORWARD,frontier-route,ROUTE_COMMIT:route commit: fron t=22.0s d=0.00/0.00,1,frontier,4,0.500992,wavefront frontier cost=0.50m len=4 score=99.2 comp=0 fp=363/0.00 cont=0.0 wall=0.0 seg=point geom first=9deg corner commitType=frontier intent=EXPAND_MAP fr=292 exploreRoute=frontier-only cost=3. noise=cache43:obs-4/ defer=0 plan=173ms/1345,0,0,0,,,,,,,,,,,,,,,,,105.844,172.717,1345,load=shed loop=106 ema=53,0,lowObs=idle,0,4,0,0,0
322,329.76,10304,-0.0294312,-5.31783,80.4673,-4.14779,-2.5682,0.00168904,22.9438,35.2613,67609,191737,124128,29117,209,3,EXPAND_MAP,EXPLORATION_FRONTIER,EXPLORE,CONTACT_BACKUP,recovery,NONE:route abort: conta t=0.0s d=0.04/0.00,0,none,0,-1,wavefront frontier cost=0.52m len=4 score=87.8 comp=0 fp=626/0.33 cont=0.0 wall=0.0 seg=point geom first=175deg corn commitType=frontier intent=EXPAND_MAP fr=291 exploreRoute=frontier-only cost=3. noise=cache18:obs-3/ defer=0 plan=73ms/168,0,0,0,,,,,,,,,,,,,,,,,74.0794,72.6809,168,load=shed loop=74 ema=109,0,"lowObs=mark (188,865) r=5 contact support",0,5,1,0,1
323,330.784,10336,-0.0308287,-5.32616,124.4,-4.14925,-2.57647,0.00161951,22.9522,35.2613,67609,191737,124128,29117,209,3,EXPAND_MAP,EXPLORATION_FRONTIER,EXPLORE,CONTACT_ROTATE,recovery,NONE:route abort: conta t=0.0s d=0.04/0.00,0,none,0,-1,wavefront frontier cost=0.52m len=4 score=87.9 comp=0 fp=603/0.36 cont=0.0 wall=0.0 seg=point geom first=169deg corn commitType=frontier intent=EXPAND_MAP fr=291 exploreRoute=frontier-only cost=3. noise=cache35:obs-3/ defer=2 plan=82ms/120,0,0,0,,,,,,,,,,,,,,,,,57.4832,82.3171,120,load=shed loop=57 ema=36,0,"lowObs=mark (188,865) r=5 contact support",0,5,1,0,1
324,331.808,10368,-0.0308291,-5.32616,158.254,-4.14928,-2.57651,0.00159115,22.9522,35.2613,67609,191737,124128,29117,209,3,EXPAND_MAP,EXPLORATION_FRONTIER,EXPLORE,CONTACT_ROTATE,recovery,NONE:route abort: conta t=0.0s d=0.04/0.00,0,none,0,-1,wavefront frontier cost=0.52m len=4 score=87.9 comp=0 fp=603/0.36 cont=0.0 wall=0.0 seg=point geom first=169deg corn commitType=frontier intent=EXPAND_MAP fr=291 exploreRoute=frontier-only cost=3. noise=cache35:obs-3/ defer=2 plan=82ms/120,0,0,0,,,,,,,,,,,,,,,,,67.8357,82.3171,120,load=shed loop=68 ema=28,0,"lowObs=mark (188,865) r=5 contact support",0,5,1,0,1
325,332.832,10400,-0.0308291,-5.32616,173.279,-4.14929,-2.57653,0.00159209,22.9522,35.2613,67609,191737,124128,29117,209,3,EXPAND_MAP,EXPLORATION_FRONTIER,EXPLORE,CONTACT_ROTATE,recovery,NONE:route abort: conta t=0.0s d=0.04/0.00,0,none,0,-1,wavefront frontier cost=0.52m len=4 score=87.9 comp=0 fp=603/0.36 cont=0.0 wall=0.0 seg=point geom first=169deg corn commitType=frontier intent=EXPAND_MAP fr=291 exploreRoute=frontier-only cost=3. noise=cache35:obs-3/ defer=2 plan=82ms/120,0,0,0,265,521,726,285,29,265,0,256,520,316,403,0.606526,0.393474,0.225,1,quality_gate=n/a,74.8945,82.3171,120,load=shed loop=75 ema=27,0,"lowObs=mark (188,865) r=5 contact support",0,5,1,0,1
326,333.856,10432,-0.0308288,-5.32616,157.004,-4.14936,-2.57651,0.00151468,22.9522,35.2613,67609,191737,124128,29117,209,3,EXPAND_MAP,EXPLORATION_FRONTIER,EXPLORE,GRID_REALIGN,fallback,GRID_REALIGN:arena boundary gua t=2.2s d=0.00/0.00,0,none,0,-1,invalidated after contact: finish rotate side,0,0,0,,,,,,,,,,,,,,,,,57.5536,82.3171,120,load=shed loop=58 ema=31,0,"lowObs=mark (188,865) r=5 contact support",0,5,1,0,1
327,334.88,10464,-0.0308281,-5.32617,108.676,-4.14935,-2.57646,0.00151846,22.9522,35.2613,67609,191737,124128,29117,209,3,EXPAND_MAP,EXPLORATION_FRONTIER,EXPLORE,GRID_REALIGN,fallback,GRID_REALIGN:arena boundary gua t=2.2s d=0.00/0.00,0,none,0,-1,invalidated after contact: finish rotate side,0,0,0,,,,,,,,,,,,,,,,,186.937,82.3171,120,load=shed loop=187 ema=52,0,"lowObs=mark (188,865) r=5 contact support",0,5,1,0,1
328,335.904,10496,-0.0308291,-5.32616,61.8664,-4.14929,-2.57645,0.00157555,22.9522,35.2613,67609,191737,124128,29117,209,3,EXPAND_MAP,EXPLORATION_FRONTIER,EXPLORE,GRID_REALIGN,fallback,GRID_REALIGN:grid realign retry t=0.6s d=0.00/0.00,0,none,0,-1,invalidated after contact: finish rotate side,0,0,0,,,,,,,,,,,,,,,,,59.4904,82.3171,120,load=shed loop=59 ema=32,0,"lowObs=mark (188,865) r=5 contact support",0,5,1,0,1
329,336.928,10528,-0.0565888,-5.35164,42.2758,-4.17506,-2.602,0.00157515,22.9885,35.2613,67609,191737,124128,29117,209,3,EXPAND_MAP,EXPLORATION_FRONTIER,EXPLORE,TURN_90_IN_PLACE,fallback,PIVOT_90:pivot 90 target=-9 t=3.2s d=0.00/0.00,0,none,0,-1,invalidated after contact: finish rotate side,0,0,0,,,,,,,,,,,,,,,,,75.0212,82.3171,120,load=shed loop=75 ema=31,0,"lowObs=mark (188,865) r=5 contact support",0,5,1,0,1
330,337.952,10560,-0.0565888,-5.35164,-15.4874,-4.175,-2.60199,0.00163928,22.9885,35.2613,67609,191737,124128,29117,209,3,EXPAND_MAP,EXPLORATION_FRONTIER,EXPLORE,TURN_90_IN_PLACE,fallback,PIVOT_90:pivot 90 target=-9 t=3.2s d=0.00/0.00,0,none,0,-1,invalidated after contact: finish rotate side,0,0,0,265,521,726,285,29,265,0,256,520,316,403,0.606526,0.393474,0.225,1,quality_gate=n/a,268.244,82.3171,120,load=shed loop=268 ema=65,0,"lowObs=mark (188,865) r=5 contact support",0,5,1,0,1
331,338.976,10592,-0.0565888,-5.35164,-58.128,-4.17504,-2.60204,0.00161316,22.9885,35.2613,67609,191737,124128,29117,209,3,EXPAND_MAP,EXPLORATION_FRONTIER,EXPLORE,TURN_90_IN_PLACE,fallback,PIVOT_90:pivot 90 target=-9 t=3.2s d=0.00/0.00,0,none,0,-1,invalidated after contact: finish rotate side,0,0,0,,,,,,,,,,,,,,,,,57.3273,82.3171,120,load=shed loop=57 ema=29,0,"lowObs=mark (188,865) r=5 contact support",0,5,1,0,1
332,340,10624,-0.0565888,-5.35164,-76.4663,-4.17506,-2.60205,0.00159265,22.9885,35.2613,67609,191737,124128,29117,209,3,EXPAND_MAP,EXPLORATION_FRONTIER,EXPLORE,TURN_90_IN_PLACE,fallback,PIVOT_90:pivot 90 target=-9 t=3.2s d=0.00/0.00,0,none,0,-1,invalidated after contact: finish rotate side,0,0,0,,,,,,,,,,,,,,,,,60.0283,82.3171,120,load=shed loop=60 ema=34,0,"lowObs=mark (188,865) r=5 contact support",0,5,1,0,1
333,341.024,10656,-0.0565888,-5.35164,-89.2765,-4.17508,-2.60205,0.00157628,22.9885,35.2613,67609,191737,124128,29117,209,3,EXPAND_MAP,EXPLORATION_FRONTIER,EXPLORE,TURN_SETTLE,fallback,PIVOT_90:pivot 90 target=-9 t=3.2s d=0.00/0.00,0,none,0,-1,invalidated after contact: finish rotate side,0,0,0,,,,,,,,,,,,,,,,,163.938,82.3171,120,load=shed loop=164 ema=49,0,"lowObs=mark (188,865) r=5 contact support",0,5,1,0,1
334,342.048,10688,-0.0565888,-5.35164,-89.2766,-4.17508,-2.60205,0.00157705,22.9885,35.2613,67609,191737,124128,29117,209,3,EXPAND_MAP,EXPLORATION_FRONTIER,EXPLORE,RGBD_SNAPSHOT,frontier-hold,RGBD_SNAPSHOT:RGB-D snapshot set t=1.4s d=0.00/0.00,0,none,0,-1,invalidated after contact: finish rotate side,0,0,0,,,,,,,,,,,,,,,,,86.6162,82.3171,120,load=shed loop=87 ema=47,0,"lowObs=mark (188,865) r=5 contact support",0,5,1,0,1
335,343.072,10720,-0.056092,-5.39098,-89.2766,-4.17458,-2.64139,0.00157757,23.0278,35.2774,67648,191760,124112,29127,209,3,EXPAND_MAP,EXPLORATION_FRONTIER,EXPLORE,FORWARD,frontier-route,ROUTE_COMMIT:route commit: fron t=22.0s d=0.00/0.00,1,frontier,4,0.511597,wavefront frontier cost=0.51m len=4 score=98.3 comp=0 fp=80/0.91 cont=0.0 wall=0.0 seg=point geom first=2deg corner commitType=frontier intent=EXPAND_MAP fr=291 exploreRoute=frontier-only cost=3. noise=cache3:obs-3/3 defer=2 plan=166ms/353,0,0,0,265,521,726,285,29,265,0,256,520,316,403,0.606526,0.393474,0.225,1,quality_gate=n/a,97.6801,165.923,353,load=shed loop=98 ema=70,0,"lowObs=mark (188,865) r=5 contact support",0,5,1,0,1
336,344.096,10752,-0.0548693,-5.48782,-89.2766,-4.17336,-2.73826,0.00158688,23.1247,35.2774,67648,191760,124112,29127,209,3,EXPAND_MAP,EXPLORATION_FRONTIER,EXPLORE,FORWARD,frontier-route,ROUTE_COMMIT:route commit: fron t=22.0s d=0.00/0.00,1,frontier,4,0.511597,wavefront frontier cost=0.51m len=4 score=98.3 comp=0 fp=80/0.91 cont=0.0 wall=0.0 seg=point geom first=2deg corner commitType=frontier intent=EXPAND_MAP fr=291 exploreRoute=frontier-only cost=3. noise=cache3:obs-3/3 defer=2 plan=166ms/353,0,0,0,,,,,,,,,,,,,,,,,249.235,165.923,353,load=shed loop=249 ema=80,0,"lowObs=mark (188,865) r=5 contact support",0,5,1,0,1
337,345.12,10784,-0.0536674,-5.583,-89.2766,-4.17215,-2.83346,0.00159393,23.2199,35.3045,67701,191763,124062,29124,209,3,EXPAND_MAP,EXPLORATION_FRONTIER,EXPLORE,FORWARD,hybrid-row,ROW_FORWARD:cell fill after ro t=1.1s d=0.00/0.18,0,none,0,-1,wavefront frontier cost=0.51m len=4 score=98.2 comp=0 fp=577/0.33 cont=0.0 wall=0.0 seg=point geom first=3deg corner commitType=frontier intent=EXPAND_MAP fr=291 exploreRoute=frontier-only cost=2. noise=cache7:obs-3/3 defer=7 plan=70ms/216,0,0,0,,,,,,,,,,,,,,,,,86.4918,70.243,216,load=shed loop=86 ema=201,0,"lowObs=mark (188,865) r=5 contact support",0,5,1,0,1
338,346.144,10816,-0.0525769,-5.66936,-89.2766,-4.17106,-2.91984,0.00159554,23.3062,35.3045,67701,191763,124062,29124,209,3,EXPAND_MAP,EXPLORATION_FRONTIER,EXPLORE,FORWARD,frontier-route,ROUTE_COMMIT:route commit: fron t=22.0s d=0.00/0.00,1,frontier,4,0.510703,wavefront frontier cost=0.51m len=4 score=98.2 comp=0 fp=579/0.23 cont=0.0 wall=0.0 seg=point geom first=4deg corner commitType=frontier intent=EXPAND_MAP fr=291 exploreRoute=frontier-only cost=2. noise=cache24:obs-3/ defer=1 plan=77ms/1960,0,0,0,,,,,,,,,,,,,,,,,75.7513,76.9497,1960,load=shed loop=76 ema=55,0,"lowObs=mark (188,865) r=5 contact support",0,5,1,0,1
339,347.168,10848,-0.0513541,-5.7662,-89.2766,-4.16984,-3.01672,0.00160942,23.4031,35.3045,67701,191763,124062,29124,209,3,EXPAND_MAP,EXPLORATION_FRONTIER,EXPLORE,FORWARD,frontier-route,ROUTE_COMMIT:route commit: fron t=22.0s d=0.00/0.00,1,frontier,4,0.510703,wavefront frontier cost=0.51m len=4 score=98.2 comp=0 fp=579/0.23 cont=0.0 wall=0.0 seg=point geom first=4deg corner commitType=frontier intent=EXPAND_MAP fr=291 exploreRoute=frontier-only cost=2. noise=cache24:obs-3/ defer=1 plan=77ms/1960,0,0,0,,,,,,,,,,,,,,,,,207.464,76.9497,1960,load=shed loop=207 ema=81,0,"lowObs=mark (188,865) r=5 contact support",0,5,1,0,1
340,348.192,10880,-0.0508956,-5.80252,-62.0505,-4.16936,-3.05314,0.0016711,23.4394,35.3358,67761,191763,124002,29124,209,3,EXPAND_MAP,EXPLORATION_FRONTIER,EXPLORE,GRID_REALIGN,fallback,GRID_REALIGN:arena boundary gua t=2.2s d=0.00/0.00,0,none,0,-1,wavefront frontier cost=0.51m len=4 score=96.1 comp=0 fp=537/0.25 cont=0.0 wall=0.0 seg=point geom first=29deg corne commitType=frontier intent=EXPAND_MAP fr=291 exploreRoute=frontier-only cost=2. noise=cache32:obs-3/ defer=2 plan=72ms/671,0,0,0,265,503,709,267,29,265,0,238,520,309,403,0.614314,0.385686,0.225,1,quality_gate=n/a,80.3572,72.2544,671,load=shed loop=80 ema=170,0,"lowObs=mark (188,865) r=5 contact support",0,5,1,0,1
341,349.216,10912,-0.0508956,-5.80252,-25.1361,-4.16933,-3.05311,0.00168885,23.4394,35.3358,67761,191763,124002,29124,209,3,EXPAND_MAP,EXPLORATION_FRONTIER,EXPLORE,GRID_REALIGN,fallback,GRID_REALIGN:arena boundary gua t=2.2s d=0.00/0.00,0,none,0,-1,wavefront frontier cost=0.34m len=3 score=95.2 comp=0 fp=0/1.00 cont=0.0 wall=0.0 seg=point geom first=58deg corne commitType=frontier intent=EXPAND_MAP fr=291 exploreRoute=frontier-only cost=2. noise=cache49:obs-3/ defer=2 plan=172ms/1963,0,0,0,,,,,,,,,,,,,,,,,61.9842,171.603,1963,load=shed loop=62 ema=38,0,"lowObs=mark (188,865) r=5 contact support",0,5,1,0,1
342,350.24,10944,-0.0508956,-5.80252,-10.3235,-4.16932,-3.05309,0.00168592,23.4394,35.3358,67761,191763,124002,29124,209,3,EXPAND_MAP,EXPLORATION_FRONTIER,EXPLORE,GRID_REALIGN,fallback,GRID_REALIGN:grid realign retry t=0.6s d=0.00/0.00,0,none,0,-1,wavefront frontier cost=0.34m len=3 score=95.2 comp=0 fp=0/1.00 cont=0.0 wall=0.0 seg=point geom first=58deg corne commitType=frontier intent=EXPAND_MAP fr=291 exploreRoute=frontier-only cost=2. noise=cache49:obs-3/ defer=2 plan=172ms/1963,0,0,0,,,,,,,,,,,,,,,,,169.597,171.603,1963,load=shed loop=170 ema=48,0,"lowObs=mark (188,865) r=5 contact support",0,5,1,0,1
343,351.264,10976,-0.0868971,-5.79843,0.613681,-4.20537,-3.04898,0.00163608,23.4756,35.3358,67761,191763,124002,29124,209,3,EXPAND_MAP,EXPLORATION_FRONTIER,EXPLORE,TURN_90_IN_PLACE,fallback,PIVOT_90:pivot 90 target=90 t=3.2s d=0.00/0.00,0,none,0,-1,wavefront frontier cost=0.34m len=3 score=95.2 comp=0 fp=0/1.00 cont=0.0 wall=0.0 seg=point geom first=58deg corne commitType=frontier intent=EXPAND_MAP fr=291 exploreRoute=frontier-only cost=2. noise=cache49:obs-3/ defer=2 plan=172ms/1963,0,0,0,,,,,,,,,,,,,,,,,81.0902,171.603,1963,load=shed loop=81 ema=35,0,"lowObs=mark (188,865) r=5 contact support",0,5,1,0,1
344,352.288,11008,-0.0868971,-5.79843,50.3142,-4.20527,-3.04892,0.00170893,23.4756,35.3358,67761,191763,124002,29124,209,3,EXPAND_MAP,EXPLORATION_FRONTIER,EXPLORE,TURN_90_IN_PLACE,fallback,PIVOT_90:pivot 90 target=90 t=3.2s d=0.00/0.00,0,none,0,-1,wavefront frontier cost=0.34m len=3 score=95.2 comp=0 fp=0/1.00 cont=0.0 wall=0.0 seg=point geom first=58deg corne commitType=frontier intent=EXPAND_MAP fr=291 exploreRoute=frontier-only cost=2. noise=cache49:obs-3/ defer=2 plan=172ms/1963,0,0,0,,,,,,,,,,,,,,,,,63.4428,171.603,1963,load=shed loop=63 ema=32,0,"lowObs=mark (188,865) r=5 contact support",0,5,1,0,1
345,353.312,11040,-0.0868971,-5.79843,73.1162,-4.2053,-3.04891,0.00167888,23.4756,35.3358,67761,191763,124002,29124,209,3,EXPAND_MAP,EXPLORATION_FRONTIER,EXPLORE,TURN_90_IN_PLACE,fallback,PIVOT_90:pivot 90 target=90 t=3.2s d=0.00/0.00,0,none,0,-1,wavefront frontier cost=0.34m len=3 score=95.2 comp=0 fp=0/1.00 cont=0.0 wall=0.0 seg=point geom first=58deg corne commitType=frontier intent=EXPAND_MAP fr=291 exploreRoute=frontier-only cost=2. noise=cache49:obs-3/ defer=2 plan=172ms/1963,0,0,0,265,503,709,267,29,265,0,238,520,309,403,0.614314,0.385686,0.225,1,quality_gate=n/a,180.245,171.603,1963,load=shed loop=180 ema=49,0,"lowObs=mark (188,865) r=5 contact support",0,5,1,0,1
346,354.336,11072,-0.0868971,-5.79843,86.983,-4.20532,-3.04891,0.00166103,23.4756,35.3358,67761,191763,124002,29124,209,3,EXPAND_MAP,EXPLORATION_FRONTIER,EXPLORE,TURN_90_IN_PLACE,fallback,PIVOT_90:pivot 90 target=90 t=3.2s d=0.00/0.00,0,none,0,-1,wavefront frontier cost=0.34m len=3 score=95.2 comp=0 fp=0/1.00 cont=0.0 wall=0.0 seg=point geom first=58deg corne commitType=frontier intent=EXPAND_MAP fr=291 exploreRoute=frontier-only cost=2. noise=cache49:obs-3/ defer=2 plan=172ms/1963,0,0,0,,,,,,,,,,,,,,,,,62.0325,171.603,1963,load=shed loop=62 ema=39,0,"lowObs=mark (188,865) r=5 contact support",0,5,1,0,1
347,355.36,11104,-0.0868971,-5.79843,89.283,-4.20532,-3.04891,0.00165825,23.4756,35.3358,67761,191763,124002,29124,209,3,EXPAND_MAP,EXPLORATION_FRONTIER,EXPLORE,RGBD_SNAPSHOT,frontier-hold,RGBD_SNAPSHOT:RGB-D snapshot set t=1.4s d=0.00/0.00,0,none,0,-1,wavefront frontier cost=0.34m len=3 score=95.2 comp=0 fp=0/1.00 cont=0.0 wall=0.0 seg=point geom first=58deg corne commitType=frontier intent=EXPAND_MAP fr=291 exploreRoute=frontier-only cost=2. noise=cache49:obs-3/ defer=2 plan=172ms/1963,0,0,0,,,,,,,,,,,,,,,,,60.1669,171.603,1963,load=shed loop=60 ema=32,0,"lowObs=mark (188,865) r=5 contact support",0,5,1,0,1
348,356.384,11136,-0.0867077,-5.7833,89.283,-4.20513,-3.03383,0.00167335,23.4908,35.4008,67892,191781,123889,29124,209,3,EXPAND_MAP,EXPLORATION_FRONTIER,EXPLORE,FORWARD,frontier-route,ROUTE_COMMIT:route commit: fron t=22.0s d=0.00/0.00,1,frontier,3,0.33614,wavefront frontier cost=0.34m len=3 score=104.8 comp=0 fp=0/1.00 cont=0.0 wall=0.0 seg=point geom first=6deg corner commitType=frontier intent=EXPAND_MAP fr=291 exploreRoute=frontier-only cost=2. noise=cache67:obs-3/ defer=1 plan=167ms/191,0,0,0,,,,,,,,,,,,,,,,,218.311,167.106,191,load=shed loop=218 ema=168,0,"lowObs=mark (188,865) r=5 contact support",0,5,1,0,1
349,357.408,11168,-0.0854958,-5.68646,89.283,-4.20392,-2.93691,0.00165053,23.5876,35.4008,67892,191781,123889,29124,209,3,EXPAND_MAP,EXPLORATION_FRONTIER,EXPLORE,FORWARD,frontier-route,ROUTE_COMMIT:route commit: fron t=22.0s d=0.00/0.00,1,frontier,3,0.33614,wavefront frontier cost=0.34m len=3 score=104.8 comp=0 fp=0/1.00 cont=0.0 wall=0.0 seg=point geom first=6deg corner commitType=frontier intent=EXPAND_MAP fr=291 exploreRoute=frontier-only cost=2. noise=cache67:obs-3/ defer=1 plan=167ms/191,0,0,0,,,,,,,,,,,,,,,,,85.6694,167.106,191,load=shed loop=86 ema=51,0,"lowObs=mark (188,865) r=5 contact support",0,5,1,0,1
350,358.432,11200,-0.0842396,-5.58608,89.283,-4.20266,-2.8365,0.00164232,23.688,35.3579,67902,192042,124140,29585,209,3,EXPAND_MAP,EXPLORATION_FRONTIER,EXPLORE,FORWARD,hybrid-row,ROW_FORWARD:cell fill after ro t=1.1s d=0.00/0.18,0,none,0,-1,wavefront frontier cost=0.50m len=4 score=99.2 comp=0 fp=121/0.82 cont=0.0 wall=0.0 seg=point geom first=6deg corner commitType=frontier intent=EXPAND_MAP fr=295 exploreRoute=frontier-only cost=2. noise=cache56:obs-3/ defer=8 plan=194ms/216,0,0,0,274,512,720,267,29,274,0,238,520,318,403,0.621094,0.378906,0.225,1,quality_gate=n/a,123.975,194.463,216,load=shed loop=124 ema=74,0,"lowObs=mark (188,865) r=5 contact support",0,5,1,0,1
351,359.456,11232,-0.0826821,-5.46163,89.283,-4.2011,-2.712,0.00162981,23.8125,35.3094,67937,192405,124468,29976,209,3,EXPAND_MAP,EXPLORATION_FRONTIER,EXPLORE,FORWARD,hybrid-row,ROW_FORWARD:cell fill after ro t=1.1s d=0.00/0.18,0,none,0,-1,wavefront frontier cost=0.34m len=3 score=96.7 comp=0 fp=459/0.51 cont=0.0 wall=0.0 seg=point geom first=73deg corne commitType=frontier intent=EXPAND_MAP fr=299 exploreRoute=frontier-only cost=1. noise=obs-3/38 dirty defer=3 plan=86ms/3983,0,0,0,,,,,,,,,,,,,,,,,196.878,86.1888,3983,load=shed loop=197 ema=62,0,"lowObs=mark (188,865) r=5 contact support",0,5,1,0,1
352,360.48,11264,-0.0810267,-5.32935,89.283,-4.19945,-2.57966,0.0016168,23.9447,35.3094,67937,192405,124468,29976,209,3,EXPAND_MAP,EXPLORATION_FRONTIER,EXPLORE,FORWARD,hybrid-row,ROW_FORWARD:cell fill after ro t=1.1s d=0.00/0.18,0,none,0,-1,wavefront frontier cost=0.34m len=3 score=96.7 comp=0 fp=459/0.51 cont=0.0 wall=0.0 seg=point geom first=73deg corne commitType=frontier intent=EXPAND_MAP fr=299 exploreRoute=frontier-only cost=1. noise=obs-3/38 dirty defer=3 plan=86ms/3983,0,0,0,,,,,,,,,,,,,,,,,92.6422,86.1888,3983,load=shed loop=93 ema=42,0,"lowObs=mark (188,865) r=5 contact support",0,5,1,0,1
353,361.504,11296,-0.0793713,-5.19707,89.283,-4.19779,-2.44732,0.00160628,24.077,35.3094,67937,192405,124468,29976,209,3,EXPAND_MAP,EXPLORATION_FRONTIER,EXPLORE,FORWARD,hybrid-row,ROW_FORWARD:cell fill after ro t=1.1s d=0.00/0.18,0,none,0,-1,wavefront frontier cost=0.34m len=3 score=96.7 comp=0 fp=459/0.51 cont=0.0 wall=0.0 seg=point geom first=73deg corne commitType=frontier intent=EXPAND_MAP fr=299 exploreRoute=frontier-only cost=1. noise=obs-3/38 dirty defer=3 plan=86ms/3983,0,0,0,,,,,,,,,,,,,,,,,100.644,86.1888,3983,load=shed loop=101 ema=48,0,"lowObs=mark (188,865) r=5 contact support",0,5,1,0,1
354,362.528,11328,-0.0777158,-5.06479,89.283,-4.19614,-2.31498,0.00159811,24.2093,35.3094,67937,192405,124468,29976,209,3,EXPAND_MAP,EXPLORATION_FRONTIER,EXPLORE,FORWARD,hybrid-row,ROW_FORWARD:cell fill after ro t=1.1s d=0.00/0.18,0,none,0,-1,wavefront frontier cost=0.34m len=3 score=96.7 comp=0 fp=459/0.51 cont=0.0 wall=0.0 seg=point geom first=73deg corne commitType=frontier intent=EXPAND_MAP fr=299 exploreRoute=frontier-only cost=1. noise=obs-3/38 dirty defer=3 plan=86ms/3983,0,0,0,,,,,,,,,,,,,,,,,213.311,86.1888,3983,load=shed loop=213 ema=70,0,"lowObs=mark (188,865) r=5 contact support",0,5,1,0,1
355,363.552,11360,-0.0760604,-4.93251,89.283,-4.19448,-2.18263,0.00159235,24.3416,35.3094,67937,192405,124468,29976,209,3,EXPAND_MAP,EXPLORATION_FRONTIER,EXPLORE,FORWARD,hybrid-row,ROW_FORWARD:cell fill after ro t=1.1s d=0.00/0.18,0,none,0,-1,wavefront frontier cost=0.34m len=3 score=96.7 comp=0 fp=459/0.51 cont=0.0 wall=0.0 seg=point geom first=73deg corne commitType=frontier intent=EXPAND_MAP fr=299 exploreRoute=frontier-only cost=1. noise=obs-3/38 dirty defer=3 plan=86ms/3983,0,0,0,291,529,738,267,29,291,0,238,520,335,403,0.63327,0.36673,0.225,1,quality_gate=n/a,124.104,86.1888,3983,load=shed loop=124 ema=52,0,"lowObs=mark (188,865) r=5 contact support",0,5,1,0,1
356,364.576,11392,-0.074405,-4.80023,89.283,-4.19282,-2.05029,0.00158901,24.4739,35.3094,67937,192405,124468,29976,209,3,EXPAND_MAP,EXPLORATION_FRONTIER,EXPLORE,FORWARD,hybrid-row,ROW_FORWARD:cell fill after ro t=1.1s d=0.00/0.18,0,none,0,-1,wavefront frontier cost=0.34m len=3 score=96.7 comp=0 fp=459/0.51 cont=0.0 wall=0.0 seg=point geom first=73deg corne commitType=frontier intent=EXPAND_MAP fr=299 exploreRoute=frontier-only cost=1. noise=obs-3/38 dirty defer=3 plan=86ms/3983,0,0,0,,,,,,,,,,,,,,,,,112.577,86.1888,3983,load=shed loop=113 ema=52,0,"lowObs=mark (188,865) r=5 contact support",0,5,1,0,1
357,365.6,11424,-0.0742498,-4.78783,80.825,-4.19266,-2.03788,0.00159952,24.4863,34.4474,68775,199652,130877,33533,209,3,EXPAND_MAP,EXPLORATION_FRONTIER,EXPLORE,SCAN_AROUND,frontier-hold,SCAN_AROUND:active RGB-D scan: t=5.8s d=0.00/0.00,0,none,0,-1,wavefront frontier cost=0.50m len=4 score=102.5 comp=0 fp=913/-0.00 cont=0.0 wall=0.0 seg=point geom first=3deg corner commitType=frontier intent=EXPAND_MAP fr=335 exploreRoute=frontier-only cost=3. noise=cache44:obs-3/ defer=62 plan=171ms/146,0,0,0,,,,,,,,,,,,,,,,,295.954,171.446,146,load=shed loop=296 ema=70,0,"lowObs=mark (188,865) r=5 contact support",0,5,1,0,1
358,366.624,11456,-0.0742498,-4.78783,67.4948,-4.19264,-2.03787,0.00161591,24.4863,34.4474,68775,199652,130877,33533,209,3,EXPAND_MAP,EXPLORATION_FRONTIER,EXPLORE,SCAN_AROUND,frontier-hold,SCAN_AROUND:active RGB-D scan: t=5.8s d=0.00/0.00,0,none,0,-1,wavefront frontier cost=0.50m len=4 score=102.5 comp=0 fp=913/-0.00 cont=0.0 wall=0.0 seg=point geom first=3deg corner commitType=frontier intent=EXPAND_MAP fr=335 exploreRoute=frontier-only cost=3. noise=cache44:obs-3/ defer=62 plan=171ms/146,0,0,0,,,,,,,,,,,,,,,,,59.871,171.446,146,load=shed loop=60 ema=30,0,"lowObs=mark (188,865) r=5 contact support",0,5,1,0,1
359,367.648,11488,-0.0742498,-4.78783,60.1963,-4.19263,-2.03787,0.00162479,24.4863,34.4474,68775,199652,130877,33533,209,3,EXPAND_MAP,EXPLORATION_FRONTIER,EXPLORE,SCAN_AROUND,frontier-hold,SCAN_AROUND:active RGB-D scan: t=5.8s d=0.00/0.00,0,none,0,-1,wavefront frontier cost=0.50m len=4 score=102.5 comp=0 fp=913/-0.00 cont=0.0 wall=0.0 seg=point geom first=3deg corner commitType=frontier intent=EXPAND_MAP fr=335 exploreRoute=frontier-only cost=3. noise=cache44:obs-3/ defer=62 plan=171ms/146,0,0,0,,,,,,,,,,,,,,,,,94.3613,171.446,146,load=shed loop=94 ema=40,0,"lowObs=mark (188,865) r=5 contact support",0,5,1,0,1
360,368.672,11520,-0.0742498,-4.78783,72.2813,-4.19265,-2.03787,0.00161019,24.4863,34.4474,68775,199652,130877,33533,209,3,EXPAND_MAP,EXPLORATION_FRONTIER,EXPLORE,SCAN_AROUND,frontier-hold,SCAN_AROUND:active RGB-D scan: t=5.8s d=0.00/0.00,0,none,0,-1,wavefront frontier cost=0.50m len=4 score=102.5 comp=0 fp=913/-0.00 cont=0.0 wall=0.0 seg=point geom first=3deg corner commitType=frontier intent=EXPAND_MAP fr=335 exploreRoute=frontier-only cost=3. noise=cache44:obs-3/ defer=62 plan=171ms/146,0,0,0,291,529,738,267,29,291,0,238,520,335,403,0.63327,0.36673,0.225,1,quality_gate=n/a,244.858,171.446,146,load=shed loop=245 ema=59,0,"lowObs=mark (188,865) r=5 contact support",0,5,1,0,1
361,369.696,11552,-0.0742498,-4.78783,91.6147,-4.19267,-2.03786,0.001585,24.4863,34.4474,68775,199652,130877,33533,209,3,EXPAND_MAP,EXPLORATION_FRONTIER,EXPLORE,SCAN_AROUND,frontier-hold,SCAN_AROUND:active RGB-D scan: t=5.8s d=0.00/0.00,0,none,0,-1,wavefront frontier cost=0.50m len=4 score=102.5 comp=0 fp=913/-0.00 cont=0.0 wall=0.0 seg=point geom first=3deg corner commitType=frontier intent=EXPAND_MAP fr=335 exploreRoute=frontier-only cost=3. noise=cache44:obs-3/ defer=62 plan=171ms/146,0,0,0,,,,,,,,,,,,,,,,,55.7785,171.446,146,load=shed loop=56 ema=29,0,"lowObs=mark (188,865) r=5 contact support",0,5,1,0,1
362,370.72,11584,-0.0787304,-4.77024,103.324,-4.19717,-2.02037,0.00157352,24.5045,33.7401,69311,205426,136115,35558,209,3,EXPAND_MAP,EXPLORATION_FRONTIER,EXPLORE,FORWARD,frontier-route,ROUTE_COMMIT:route commit: fron t=22.0s d=0.00/0.00,1,frontier,4,0.501008,wavefront frontier cost=0.50m len=4 score=101.1 comp=0 fp=941/0.00 cont=0.0 wall=0.0 seg=point geom first=19deg corne commitType=frontier intent=EXPAND_MAP fr=355 exploreRoute=frontier-only cost=3. noise=cache10:obs-3/ defer=62 plan=212ms/9001,0,0,0,,,,,,,,,,,,,,,,,80.2039,212.279,9001,load=shed loop=80 ema=125,0,"lowObs=mark (188,865) r=5 contact support",0,5,1,0,1
363,371.744,11616,-0.0939186,-4.67467,95.3298,-4.21237,-1.92474,0.00155449,24.6013,33.7401,69311,205426,136115,35558,209,3,EXPAND_MAP,EXPLORATION_FRONTIER,EXPLORE,FORWARD,frontier-route,ROUTE_COMMIT:route commit: fron t=22.0s d=0.00/0.00,1,frontier,4,0.501008,wavefront frontier cost=0.50m len=4 score=101.1 comp=0 fp=941/0.00 cont=0.0 wall=0.0 seg=point geom first=19deg corne commitType=frontier intent=EXPAND_MAP fr=355 exploreRoute=frontier-only cost=3. noise=cache10:obs-3/ defer=62 plan=212ms/9001,0,0,0,,,,,,,,,,,,,,,,,198.507,212.279,9001,load=shed loop=199 ema=70,0,"lowObs=mark (188,865) r=5 contact support",0,5,1,0,1
364,372.768,11648,-0.0984362,-4.57796,90.9171,-4.21688,-1.828,0.00156491,24.6981,33.7401,69311,205426,136115,35558,209,3,EXPAND_MAP,EXPLORATION_FRONTIER,EXPLORE,FORWARD,frontier-route,ROUTE_COMMIT:route commit: fron t=22.0s d=0.00/0.00,1,frontier,4,0.501008,wavefront frontier cost=0.50m len=4 score=101.1 comp=0 fp=941/0.00 cont=0.0 wall=0.0 seg=point geom first=19deg corne commitType=frontier intent=EXPAND_MAP fr=355 exploreRoute=frontier-only cost=3. noise=cache10:obs-3/ defer=62 plan=212ms/9001,0,0,0,,,,,,,,,,,,,,,,,106.915,212.279,9001,load=shed loop=107 ema=60,0,"lowObs=mark (188,865) r=5 contact support",0,5,1,0,1
365,373.792,11680,-0.0985185,-4.49078,90.6657,-4.21694,-1.74104,0.00160435,24.7853,33.9591,69828,205624,135796,35359,209,3,EXPAND_MAP,EXPLORATION_FRONTIER,EXPLORE,FORWARD,hybrid-row,ROW_FORWARD:cell fill after ro t=1.1s d=0.00/0.18,0,none,0,-1,wavefront frontier cost=0.33m len=3 score=104.6 comp=0 fp=939/0.00 cont=0.0 wall=0.0 seg=point geom first=9deg corner commitType=frontier intent=EXPAND_MAP fr=353 exploreRoute=frontier-only cost=3. noise=cache36:obs-3/ defer=67 plan=184ms/809,0,0,0,291,529,738,267,29,291,0,238,520,335,403,0.63327,0.36673,0.225,1,quality_gate=n/a,80.4322,183.956,809,load=shed loop=80 ema=115,0,"lowObs=mark (188,865) r=5 contact support",0,5,1,0,1
366,374.816,11712,-0.0985615,-4.41485,90.4881,-4.21699,-1.66541,0.00167748,24.8613,34.1011,70374,206369,135995,34788,386,4,EXPAND_MAP,EXPLORATION_FRONTIER,EXPLORE,FORWARD,hybrid-row,ROW_FORWARD:cell fill after ro t=1.1s d=0.00/0.18,0,none,0,-1,wavefront frontier cost=0.33m len=3 score=104.6 comp=0 fp=939/0.00 cont=0.0 wall=0.0 seg=point geom first=10deg corne commitType=frontier intent=EXPAND_MAP fr=347 exploreRoute=frontier-only cost=3. noise=obs-3/38 dirty defer=58 plan=177ms/991,0,0,0,,,,,,,,,,,,,,,,,78.7357,176.794,991,load=shed loop=79 ema=194,0,"lowObs=mark (188,865) r=5 contact support",0,5,1,0,1
367,375.84,11744,-0.09771,-4.32313,89.1978,-4.21615,-1.57378,0.00170465,24.953,34.1011,70374,206369,135995,34788,386,4,EXPAND_MAP,EXPLORATION_FRONTIER,EXPLORE,FORWARD,frontier-route,ROUTE_COMMIT:route commit: fron t=22.0s d=0.00/0.00,1,frontier,3,0.334691,wavefront frontier cost=0.33m len=3 score=104.6 comp=0 fp=939/0.00 cont=0.0 wall=0.0 seg=point geom first=10deg corne commitType=frontier intent=EXPAND_MAP fr=347 exploreRoute=frontier-only cost=3. noise=obs-3/38 dirty defer=58 plan=177ms/991,0,0,0,,,,,,,,,,,,,,,,,84.3407,176.794,991,load=shed loop=84 ema=56,0,"lowObs=mark (188,865) r=5 contact support",0,5,1,0,1
368,376.864,11776,-0.0961889,-4.21449,89.1978,-4.21462,-1.4651,0.00169033,25.0616,34.1011,70374,206369,135995,34788,386,4,EXPAND_MAP,EXPLORATION_FRONTIER,EXPLORE,FORWARD,hybrid-row,ROW_FORWARD:cell fill after ro t=1.1s d=0.00/0.18,0,none,0,-1,wavefront frontier cost=0.33m len=3 score=104.7 comp=0 fp=939/0.00 cont=0.0 wall=0.0 seg=point geom first=9deg corner commitType=frontier intent=EXPAND_MAP fr=347 exploreRoute=frontier-only cost=3. noise=cache63:obs-3/ defer=71 plan=86ms/442,0,0,0,,,,,,,,,,,,,,,,,100.653,86.4681,442,load=shed loop=101 ema=163,0,"lowObs=mark (188,865) r=5 contact support",0,5,1,0,1
369,377.888,11808,-0.09443,-4.08887,89.1978,-4.21286,-1.33941,0.00166581,25.1873,34.0311,71074,208850,137776,35569,334,5,EXPAND_MAP,EXPLORATION_FRONTIER,EXPLORE,FORWARD,frontier-route,ROUTE_COMMIT:route commit: fron t=22.0s d=0.00/0.00,1,frontier,3,0.334191,wavefront frontier cost=0.33m len=3 score=104.7 comp=0 fp=936/0.00 cont=0.0 wall=0.0 seg=point geom first=9deg corner commitType=frontier intent=EXPAND_MAP fr=355 exploreRoute=frontier-only cost=3. noise=cache8:obs-3/3 defer=70 plan=116ms/7175,0,0,0,,,,,,,,,,,,,,,,,239.694,116.409,7175,load=shed loop=240 ema=91,0,"lowObs=mark (188,865) r=5 contact support",0,5,1,0,1
370,378.912,11840,-0.0930907,-3.99321,89.1978,-4.21152,-1.24376,0.00166909,25.2829,34.0311,71074,208850,137776,35569,334,5,EXPAND_MAP,EXPLORATION_FRONTIER,EXPLORE,FORWARD,hybrid-row,ROW_FORWARD:cell fill after ro t=1.1s d=0.00/0.18,0,none,0,-1,wavefront frontier cost=0.34m len=3 score=104.7 comp=0 fp=941/0.00 cont=0.0 wall=0.0 seg=point geom first=8deg corner commitType=frontier intent=EXPAND_MAP fr=355 exploreRoute=frontier-only cost=3. noise=cache44:obs-3/ defer=72 plan=231ms/9001,0,0,0,291,529,738,267,29,291,0,238,520,335,403,0.63327,0.36673,0.225,1,quality_gate=n/a,121.125,231.104,9001,load=shed loop=121 ema=72,0,"lowObs=mark (188,865) r=5 contact support",0,5,1,0,1
371,379.936,11872,-0.091243,-3.86125,89.1978,-4.20968,-1.11172,0.00164386,25.4149,34.0311,71074,208850,137776,35569,334,5,EXPAND_MAP,EXPLORATION_FRONTIER,EXPLORE,FORWARD,hybrid-row,ROW_FORWARD:cell fill after ro t=1.1s d=0.00/0.18,0,none,0,-1,wavefront frontier cost=0.33m len=3 score=104.8 comp=0 fp=941/0.00 cont=0.0 wall=0.0 seg=point geom first=8deg corner commitType=frontier intent=EXPAND_MAP fr=355 exploreRoute=frontier-only cost=3. noise=cache64:obs-3/ defer=70 plan=93ms/1157,0,0,0,,,,,,,,,,,,,,,,,123.357,93.4444,1157,load=shed loop=123 ema=51,0,"lowObs=mark (188,865) r=5 contact support",0,5,1,0,1
372,380.96,11904,-0.0896134,-3.74487,89.1978,-4.20805,-0.995281,0.00163114,25.5313,33.8429,71845,212290,140445,35926,209,3,EXPAND_MAP,EXPLORATION_FRONTIER,EXPLORE,FORWARD,hybrid-row,ROW_FORWARD:cell fill after ro t=1.1s d=0.00/0.18,0,none,0,-1,wavefront frontier cost=0.33m len=3 score=104.8 comp=0 fp=941/0.00 cont=0.0 wall=0.0 seg=point geom first=7deg corner commitType=frontier intent=EXPAND_MAP fr=359 exploreRoute=frontier-only cost=3. noise=cache44:obs-3/ defer=63 plan=116ms/9001,0,0,0,,,,,,,,,,,,,,,,,213.725,115.863,9001,load=shed loop=214 ema=200,0,"lowObs=mark (188,865) r=5 contact support",0,5,1,0,1
373,381.984,11936,-0.087901,-3.62256,89.1978,-4.20633,-0.872916,0.00161712,25.6536,33.8429,71845,212290,140445,35926,209,3,EXPAND_MAP,EXPLORATION_FRONTIER,EXPLORE,FORWARD,frontier-route,ROUTE_COMMIT:route commit: fron t=22.0s d=0.00/0.00,1,frontier,3,0.33509,wavefront frontier cost=0.34m len=3 score=104.9 comp=0 fp=941/0.00 cont=0.0 wall=0.0 seg=point geom first=7deg corner commitType=frontier intent=EXPAND_MAP fr=359 exploreRoute=frontier-only cost=3. noise=cache63:obs-3/ defer=68 plan=138ms/9001,0,0,0,,,,,,,,,,,,,,,,,76.0197,138.289,9001,load=shed loop=76 ema=68,0,"lowObs=mark (188,865) r=5 contact support",0,5,1,0,1
374,383.008,11968,-0.0865177,-3.52377,89.1978,-4.20495,-0.774114,0.00161497,25.7524,33.6608,72650,215830,143180,35201,209,3,EXPAND_MAP,EXPLORATION_FRONTIER,EXPLORE,FORWARD,hybrid-row,ROW_FORWARD:cell fill after ro t=1.1s d=0.00/0.18,0,none,0,-1,wavefront frontier cost=0.33m len=3 score=104.8 comp=0 fp=941/0.00 cont=0.0 wall=0.0 seg=point geom first=7deg corner commitType=frontier intent=EXPAND_MAP fr=352 exploreRoute=frontier-only cost=0. noise=cache26:obs-3/ defer=25 plan=223ms/9001,0,0,0,,,,,,,,,,,,,,,,,115.029,222.668,9001,load=shed loop=115 ema=60,0,"lowObs=mark (188,865) r=5 contact support",0,5,1,0,1
375,384.032,12000,-0.0846675,-3.39162,89.1978,-4.2031,-0.641891,0.00160099,25.8846,33.6608,72650,215830,143180,35201,209,3,EXPAND_MAP,EXPLORATION_FRONTIER,EXPLORE,FORWARD,hybrid-row,ROW_FORWARD:cell fill after ro t=1.1s d=0.00/0.18,0,none,0,-1,wavefront frontier cost=0.34m len=3 score=104.9 comp=0 fp=941/0.00 cont=0.0 wall=0.0 seg=point geom first=6deg corner commitType=frontier intent=EXPAND_MAP fr=352 exploreRoute=frontier-only cost=3. noise=cache65:obs-3/ defer=52 plan=94ms/1289,0,0,0,291,529,738,267,29,291,0,238,520,335,403,0.63327,0.36673,0.225,1,quality_gate=n/a,445.33,94.4454,1289,load=shed loop=445 ema=154,0,"lowObs=mark (188,865) r=5 contact support",0,5,1,0,1
376,385.056,12032,-0.0833675,-3.29878,89.1978,-4.2018,-0.549064,0.00160339,25.9774,33.5917,73420,218566,145146,35287,209,3,EXPAND_MAP,EXPLORATION_FRONTIER,EXPLORE,FORWARD,hybrid-row,ROW_FORWARD:cell fill after ro t=1.1s d=0.00/0.18,0,none,0,-1,wavefront frontier cost=0.34m len=3 score=104.9 comp=0 fp=941/0.00 cont=0.0 wall=0.0 seg=point geom first=6deg corner commitType=frontier intent=EXPAND_MAP fr=352 exploreRoute=frontier-only cost=1. noise=cache26:obs-3/ defer=16 plan=222ms/9001,0,0,0,,,,,,,,,,,,,,,,,108.91,222.366,9001,load=shed loop=109 ema=127,0,"lowObs=mark (188,865) r=5 contact support",0,5,1,0,1
377,386.08,12064,-0.0815425,-3.16843,89.1978,-4.19997,-0.418619,0.00158938,26.1078,33.5917,73420,218566,145146,35287,209,3,EXPAND_MAP,EXPLORATION_FRONTIER,EXPLORE,FORWARD,hybrid-row,ROW_FORWARD:cell fill after ro t=1.1s d=0.00/0.18,0,none,0,-1,wavefront frontier cost=0.33m len=3 score=104.9 comp=0 fp=941/0.00 cont=0.0 wall=0.0 seg=point geom first=5deg corner commitType=frontier intent=EXPAND_MAP fr=352 exploreRoute=frontier-only cost=1. noise=cache63:obs-3/ defer=9 plan=83ms/202,0,0,0,,,,,,,,,,,,,,,,,112.538,83.2922,202,load=shed loop=113 ema=237,0,"lowObs=mark (188,865) r=5 contact support",0,5,1,0,1
378,387.104,12096,-0.0800161,-3.05941,89.1978,-4.19844,-0.309562,0.00158558,26.2168,33.5917,73420,218566,145146,35287,209,3,EXPAND_MAP,EXPLORATION_FRONTIER,EXPLORE,FORWARD,frontier-route,ROUTE_COMMIT:route commit: fron t=22.0s d=0.00/0.00,1,frontier,3,0.334494,wavefront frontier cost=0.33m len=3 score=104.9 comp=0 fp=941/0.00 cont=0.0 wall=0.0 seg=point geom first=5deg corner commitType=frontier intent=EXPAND_MAP fr=352 exploreRoute=frontier-only cost=1. noise=cache63:obs-3/ defer=9 plan=83ms/202,0,0,0,,,,,,,,,,,,,,,,,244.539,83.2922,202,load=shed loop=245 ema=84,0,"lowObs=mark (188,865) r=5 contact support",0,5,1,0,1
379,388.128,12128,-0.078402,-2.94414,89.1978,-4.19683,-0.194237,0.00158215,26.3321,33.5395,74191,221205,147014,35783,209,3,EXPAND_MAP,EXPLORATION_FRONTIER,EXPLORE,FORWARD,hybrid-row,ROW_FORWARD:cell fill after ro t=1.1s d=0.00/0.18,0,none,0,-1,wavefront frontier cost=0.33m len=3 score=105.0 comp=0 fp=941/-0.00 cont=0.0 wall=0.0 seg=point geom first=4deg corner commitType=frontier intent=EXPAND_MAP fr=357 exploreRoute=frontier-only cost=1. noise=cache46:obs-3/ defer=26 plan=117ms/1315,0,0,0,,,,,,,,,,,,,,,,,113.954,117.209,1315,load=shed loop=114 ema=83,0,"lowObs=mark (188,865) r=5 contact support",0,5,1,0,1
380,389.152,12160,-0.076736,-2.82515,89.1978,-4.19516,-0.0751998,0.00157998,26.4511,33.5395,74191,221205,147014,35783,209,3,EXPAND_MAP,EXPLORATION_FRONTIER,EXPLORE,FORWARD,frontier-route,ROUTE_COMMIT:route commit: fron t=22.0s d=0.00/0.00,1,frontier,3,0.334833,wavefront frontier cost=0.33m len=3 score=105.0 comp=0 fp=941/-0.00 cont=0.0 wall=0.0 seg=point geom first=4deg corner commitType=frontier intent=EXPAND_MAP fr=357 exploreRoute=frontier-only cost=1. noise=cache64:obs-3/ defer=20 plan=95ms/854,0,0,0,291,529,738,267,29,291,0,238,520,335,403,0.63327,0.36673,0.225,1,quality_gate=n/a,100.394,94.6016,854,load=shed loop=100 ema=60,0,"lowObs=mark (188,865) r=5 contact support",0,5,1,0,1
381,390.176,12192,-0.0752458,-2.71872,89.1978,-4.19367,0.0312637,0.00157951,26.5576,33.4492,74969,224128,149159,35938,209,3,EXPAND_MAP,EXPLORATION_FRONTIER,EXPLORE,FORWARD,hybrid-row,ROW_FORWARD:cell fill after ro t=1.1s d=0.00/0.18,0,none,0,-1,wavefront frontier cost=0.33m len=3 score=105.0 comp=0 fp=941/0.00 cont=0.0 wall=0.0 seg=point geom first=3deg corner commitType=frontier intent=EXPAND_MAP fr=359 exploreRoute=frontier-only cost=1. noise=cache46:obs-3/ defer=12 plan=189ms/255,0,0,0,,,,,,,,,,,,,,,,,121.641,188.793,255,load=shed loop=122 ema=225,0,"lowObs=mark (188,865) r=5 contact support",0,5,1,0,1
382,391.2,12224,-0.0734715,-2.592,89.1978,-4.1919,0.158066,0.00158113,26.6843,33.4492,74969,224128,149159,35938,209,3,EXPAND_MAP,EXPLORATION_FRONTIER,EXPLORE,FORWARD,frontier-route,ROUTE_COMMIT:route commit: fron t=22.0s d=0.00/0.00,1,frontier,3,0.334905,wavefront frontier cost=0.33m len=3 score=105.1 comp=0 fp=940/0.00 cont=0.0 wall=0.0 seg=point geom first=3deg corner commitType=frontier intent=EXPAND_MAP fr=359 exploreRoute=frontier-only cost=2. noise=cache64:obs-3/ defer=10 plan=122ms/7876,0,0,0,,,,,,,,,,,,,,,,,79.3844,121.869,7876,load=shed loop=79 ema=65,0,"lowObs=mark (188,865) r=5 contact support",0,5,1,0,1
383,392.224,12256,-0.0721178,-2.49531,89.1978,-4.19054,0.254739,0.00158071,26.781,33.4136,75731,226647,150916,34217,2781,12,EXPAND_MAP,EXPLORATION_FRONTIER,EXPLORE,FORWARD,hybrid-row,ROW_FORWARD:cell fill after ro t=1.1s d=0.00/0.18,0,none,0,-1,wavefront frontier cost=1.65m len=11 score=190.1 comp=0 fp=856/0.00 cont=0.0 wall=0.0 seg=point geom first=3deg corner commitType=frontier intent=EXPAND_MAP fr=342 exploreRoute=frontier-only cost=2. noise=cache27:obs-3/ defer=8 plan=233ms/9001,0,0,0,,,,,,,,,,,,,,,,,97.2187,233.251,9001,load=shed loop=97 ema=70,0,"lowObs=mark (188,865) r=5 contact support",0,5,1,0,1
384,393.248,12288,-0.0715421,-2.4542,84.9694,-4.18996,0.295893,0.00158773,26.8221,33.4136,75731,226647,150916,34217,2781,12,EXPAND_MAP,EXPLORATION_FRONTIER,EXPLORE,SCAN_AROUND,frontier-hold,SCAN_AROUND:active RGB-D scan: t=5.8s d=0.00/0.00,0,none,0,-1,wavefront frontier cost=1.00m len=7 score=132.1 comp=0 fp=939/0.00 cont=0.0 wall=0.0 seg=point geom first=0deg corner commitType=frontier intent=EXPAND_MAP fr=342 exploreRoute=frontier-only cost=2. noise=cache69:obs-3/ defer=84 plan=227ms/9001,0,0,0,,,,,,,,,,,,,,,,,192.393,227.354,9001,load=shed loop=192 ema=229,0,"lowObs=mark (188,865) r=5 contact support",0,5,1,0,1
385,394.272,12320,-0.0715421,-2.4542,69.4577,-4.18994,0.29592,0.00160944,26.8221,33.4136,75731,226647,150916,34217,2781,12,EXPAND_MAP,EXPLORATION_FRONTIER,EXPLORE,SCAN_AROUND,frontier-hold,SCAN_AROUND:active RGB-D scan: t=5.8s d=0.00/0.00,0,none,0,-1,wavefront frontier cost=1.00m len=7 score=132.1 comp=0 fp=939/0.00 cont=0.0 wall=0.0 seg=point geom first=0deg corner commitType=frontier intent=EXPAND_MAP fr=342 exploreRoute=frontier-only cost=2. noise=cache69:obs-3/ defer=84 plan=227ms/9001,0,0,0,291,529,738,267,29,291,0,238,520,335,403,0.63327,0.36673,0.225,1,quality_gate=n/a,113.371,227.354,9001,load=shed loop=113 ema=36,0,"lowObs=mark (188,865) r=5 contact support",0,5,1,0,1
386,395.296,12352,-0.0715421,-2.4542,61.1157,-4.18993,0.295919,0.00161911,26.8221,33.4136,75731,226647,150916,34217,2781,12,EXPAND_MAP,EXPLORATION_FRONTIER,EXPLORE,SCAN_AROUND,frontier-hold,SCAN_AROUND:active RGB-D scan: t=5.8s d=0.00/0.00,0,none,0,-1,wavefront frontier cost=1.00m len=7 score=132.1 comp=0 fp=939/0.00 cont=0.0 wall=0.0 seg=point geom first=0deg corner commitType=frontier intent=EXPAND_MAP fr=342 exploreRoute=frontier-only cost=2. noise=cache69:obs-3/ defer=84 plan=227ms/9001,0,0,0,,,,,,,,,,,,,,,,,60.0875,227.354,9001,load=shed loop=60 ema=33,0,"lowObs=mark (188,865) r=5 contact support",0,5,1,0,1
387,396.32,12384,-0.0715421,-2.4542,67.9661,-4.18994,0.295924,0.00161192,26.8221,33.4136,75731,226647,150916,34217,2781,12,EXPAND_MAP,EXPLORATION_FRONTIER,EXPLORE,SCAN_AROUND,frontier-hold,SCAN_AROUND:active RGB-D scan: t=5.8s d=0.00/0.00,0,none,0,-1,wavefront frontier cost=1.00m len=7 score=132.1 comp=0 fp=939/0.00 cont=0.0 wall=0.0 seg=point geom first=0deg corner commitType=frontier intent=EXPAND_MAP fr=342 exploreRoute=frontier-only cost=2. noise=cache69:obs-3/ defer=84 plan=227ms/9001,0,0,0,,,,,,,,,,,,,,,,,169.626,227.354,9001,load=shed loop=170 ema=48,0,"lowObs=mark (188,865) r=5 contact support",0,5,1,0,1
388,397.344,12416,-0.0715421,-2.4542,87.3008,-4.18996,0.29593,0.00158758,26.8221,33.4136,75731,226647,150916,34217,2781,12,EXPAND_MAP,EXPLORATION_FRONTIER,EXPLORE,SCAN_AROUND,frontier-hold,SCAN_AROUND:active RGB-D scan: t=5.8s d=0.00/0.00,0,none,0,-1,wavefront frontier cost=1.00m len=7 score=132.1 comp=0 fp=939/0.00 cont=0.0 wall=0.0 seg=point geom first=0deg corner commitType=frontier intent=EXPAND_MAP fr=342 exploreRoute=frontier-only cost=2. noise=cache69:obs-3/ defer=84 plan=227ms/9001,0,0,0,,,,,,,,,,,,,,,,,54.4069,227.354,9001,load=shed loop=54 ema=28,0,"lowObs=mark (188,865) r=5 contact support",0,5,1,0,1
389,398.368,12448,-0.0715421,-2.4542,105.218,-4.18999,0.295939,0.00156489,26.8221,33.4136,75731,226647,150916,34217,2781,12,EXPAND_MAP,EXPLORATION_FRONTIER,EXPLORE,FORWARD,hybrid-row,NONE:scan finished: tim t=0.0s d=0.00/0.00,0,none,0,-1,wavefront frontier cost=1.00m len=7 score=132.1 comp=0 fp=939/0.00 cont=0.0 wall=0.0 seg=point geom first=0deg corner commitType=frontier intent=EXPAND_MAP fr=342 exploreRoute=frontier-only cost=2. noise=cache69:obs-3/ defer=84 plan=227ms/9001,0,0,0,,,,,,,,,,,,,,,,,60.2236,227.354,9001,load=shed loop=60 ema=31,0,"lowObs=mark (188,865) r=5 contact support",0,5,1,0,1
390,399.392,12480,-0.0871412,-2.37406,91.5037,-4.20559,0.376102,0.00156477,26.9038,33.3657,76252,228534,152282,35262,1447,8,EXPAND_MAP,EXPLORATION_FRONTIER,EXPLORE,FORWARD,frontier-route,ROUTE_COMMIT:route commit: fron t=22.0s d=0.00/0.00,1,frontier,7,0.995126,wavefront frontier cost=0.83m len=6 score=91.9 comp=0 fp=939/0.00 cont=0.0 wall=0.0 seg=point geom first=9deg corner commitType=frontier intent=EXPAND_MAP fr=352 exploreRoute=frontier-only cost=2. noise=cache48:obs-3/ defer=103 plan=92ms/339,0,0,0,291,529,738,267,29,291,0,238,520,335,403,0.63327,0.36673,0.225,1,quality_gate=n/a,1818.31,92.2904,339,load=shed loop=1818 ema=361,0,"lowObs=mark (188,865) r=5 contact support",0,5,1,0,1
391,400.416,12512,-0.0871412,-2.37406,81.4506,-4.20557,0.376031,0.001582,26.9038,33.3657,76252,228534,152282,35262,1447,8,EXPAND_MAP,EXPLORATION_FRONTIER,EXPLORE,RGBD_SNAPSHOT,frontier-route,RGBD_SNAPSHOT:RGB-D snapshot set t=1.4s d=0.00/0.00,1,frontier,7,0.995126,wavefront frontier cost=0.83m len=6 score=91.9 comp=0 fp=939/0.00 cont=0.0 wall=0.0 seg=point geom first=9deg corner commitType=frontier intent=EXPAND_MAP fr=352 exploreRoute=frontier-only cost=2. noise=cache48:obs-3/ defer=103 plan=92ms/339,0,0,0,,,,,,,,,,,,,,,,,121.935,92.2904,339,load=shed loop=122 ema=87,0,"lowObs=mark (188,865) r=5 contact support",0,5,1,0,1
392,401.44,12544,-0.067941,-2.29788,70.2935,-4.18642,0.452156,0.00152537,26.9825,33.3657,76252,228534,152282,35262,1447,8,EXPAND_MAP,EXPLORATION_FRONTIER,EXPLORE,FORWARD,frontier-route,ROW_FORWARD:row forward after  t=2.2s d=0.00/0.28,1,frontier,7,0.995126,wavefront frontier cost=0.83m len=6 score=91.9 comp=0 fp=939/0.00 cont=0.0 wall=0.0 seg=point geom first=9deg corner commitType=frontier intent=EXPAND_MAP fr=352 exploreRoute=frontier-only cost=2. noise=cache48:obs-3/ defer=103 plan=92ms/339,0,0,0,,,,,,,,,,,,,,,,,110.867,92.2904,339,load=shed loop=111 ema=54,0,"lowObs=mark (188,865) r=5 contact support",0,5,1,0,1
393,402.464,12576,-0.0247623,-2.21146,56.6101,-4.14323,0.538625,0.00153475,27.0793,33.3657,76252,228534,152282,35262,1447,8,EXPAND_MAP,EXPLORATION_FRONTIER,EXPLORE,FORWARD,frontier-route,ROW_FORWARD:row forward after  t=2.2s d=0.00/0.28,1,frontier,7,0.995126,wavefront frontier cost=0.83m len=6 score=91.9 comp=0 fp=939/0.00 cont=0.0 wall=0.0 seg=point geom first=9deg corner commitType=frontier intent=EXPAND_MAP fr=352 exploreRoute=frontier-only cost=2. noise=cache48:obs-3/ defer=103 plan=92ms/339,0,0,0,,,,,,,,,,,,,,,,,202.491,92.2904,339,load=shed loop=202 ema=85,0,"lowObs=mark (188,865) r=5 contact support",0,5,1,0,1
394,403.488,12608,0.0376353,-2.13771,42.9257,-4.08082,0.612423,0.00155585,27.1762,33.3657,76252,228534,152282,35262,1447,8,EXPAND_MAP,EXPLORATION_FRONTIER,EXPLORE,FORWARD,frontier-route,ROW_FORWARD:row forward after  t=2.2s d=0.00/0.28,1,frontier,7,0.995126,wavefront frontier cost=0.83m len=6 score=91.9 comp=0 fp=939/0.00 cont=0.0 wall=0.0 seg=point geom first=9deg corner commitType=frontier intent=EXPAND_MAP fr=352 exploreRoute=frontier-only cost=2. noise=cache48:obs-3/ defer=103 plan=92ms/339,0,0,0,,,,,,,,,,,,,,,,,82.7872,92.2904,339,load=shed loop=83 ema=50,0,"lowObs=mark (188,865) r=5 contact support",0,5,1,0,1
395,404.512,12640,0.115711,-2.08081,29.2375,-4.00273,0.669359,0.00157549,27.273,33.3657,76252,228534,152282,35262,1447,8,EXPAND_MAP,EXPLORATION_FRONTIER,EXPLORE,FORWARD,frontier-route,ROW_FORWARD:row forward after  t=2.2s d=0.00/0.28,1,frontier,7,0.995126,wavefront frontier cost=0.83m len=6 score=91.9 comp=0 fp=939/0.00 cont=0.0 wall=0.0 seg=point geom first=9deg corner commitType=frontier intent=EXPAND_MAP fr=352 exploreRoute=frontier-only cost=2. noise=cache48:obs-3/ defer=103 plan=92ms/339,0,0,0,291,529,738,267,29,291,0,238,520,335,403,0.63327,0.36673,0.225,1,quality_gate=n/a,104.713,92.2904,339,load=shed loop=105 ema=56,0,"lowObs=mark (188,865) r=5 contact support",0,5,1,0,1
396,405.536,12672,0.20503,-2.044,15.6684,-3.91335,0.706202,0.00164039,27.3698,33.3657,76252,228534,152282,35262,1447,8,EXPAND_MAP,EXPLORATION_FRONTIER,EXPLORE,FORWARD,frontier-route,ROW_FORWARD:row forward after  t=2.2s d=0.00/0.28,1,frontier,7,0.995126,wavefront frontier cost=0.83m len=6 score=91.9 comp=0 fp=939/0.00 cont=0.0 wall=0.0 seg=point geom first=9deg corner commitType=frontier intent=EXPAND_MAP fr=352 exploreRoute=frontier-only cost=2. noise=cache48:obs-3/ defer=103 plan=92ms/339,0,0,0,,,,,,,,,,,,,,,,,190.819,92.2904,339,load=shed loop=191 ema=69,0,"lowObs=mark (188,865) r=5 contact support",0,5,1,0,1
397,406.56,12704,0.30023,-2.02698,5.2443,-3.8181,0.723223,0.00168214,27.4667,33.3657,76252,228534,152282,35262,1447,8,EXPAND_MAP,EXPLORATION_FRONTIER,EXPLORE,FORWARD,frontier-route,ROW_FORWARD:row forward after  t=2.2s d=0.00/0.28,1,frontier,7,0.995126,wavefront frontier cost=0.83m len=6 score=91.9 comp=0 fp=939/0.00 cont=0.0 wall=0.0 seg=point geom first=9deg corner commitType=frontier intent=EXPAND_MAP fr=352 exploreRoute=frontier-only cost=2. noise=cache48:obs-3/ defer=103 plan=92ms/339,0,0,0,,,,,,,,,,,,,,,,,86.7488,92.2904,339,load=shed loop=87 ema=51,0,"lowObs=mark (188,865) r=5 contact support",0,5,1,0,1
398,407.584,12736,0.390944,-2.02502,-0.575309,-3.72757,0.725155,0.00150161,27.5575,34.1755,78282,229059,150777,35300,915,6,EXPAND_MAP,EXPLORATION_FRONTIER,EXPLORE,FORWARD,hybrid-row,ROW_FORWARD:cell fill after ro t=1.1s d=0.00/0.18,0,none,0,-1,wavefront frontier cost=2.31m len=15 score=116.7 comp=0 fp=140/0.79 cont=0.0 wall=0.0 seg=point geom first=13deg corne commitType=frontier intent=EXPAND_MAP fr=353 exploreRoute=frontier-only cost=2. noise=cache21:obs-3/ defer=89 plan=131ms/9001,0,0,0,,,,,,,,,,,,,,,,,99.0865,131.074,9001,load=shed loop=99 ema=246,0,"lowObs=mark (188,865) r=5 contact support",0,5,1,0,1
399,408.608,12768,0.523132,-2.02637,-0.587195,-3.59531,0.723801,0.00157534,27.6897,34.1755,78282,229059,150777,35300,915,6,EXPAND_MAP,EXPLORATION_FRONTIER,EXPLORE,FORWARD,hybrid-row,ROW_FORWARD:cell fill after ro t=1.1s d=0.00/0.18,0,none,0,-1,wavefront frontier cost=2.31m len=15 score=110.6 comp=0 fp=140/0.79 cont=0.0 wall=0.0 seg=point geom first=96deg corne commitType=frontier intent=EXPAND_MAP fr=353 exploreRoute=frontier-only cost=2. noise=cache38:obs-3/ defer=90 plan=98ms/1013,0,0,0,,,,,,,,,,,,,,,,,219.315,97.9689,1013,load=shed loop=219 ema=69,0,"lowObs=mark (188,865) r=5 contact support",0,5,1,0,1
400,409.632,12800,0.655414,-2.02773,-0.587199,-3.46296,0.722445,0.00163729,27.822,34.1755,78282,229059,150777,35300,915,6,EXPAND_MAP,EXPLORATION_FRONTIER,EXPLORE,FORWARD,hybrid-row,ROW_FORWARD:cell fill after ro t=1.1s d=0.00/0.18,0,none,0,-1,wavefront frontier cost=2.31m len=15 score=110.6 comp=0 fp=140/0.79 cont=0.0 wall=0.0 seg=point geom first=96deg corne commitType=frontier intent=EXPAND_MAP fr=353 exploreRoute=frontier-only cost=2. noise=cache38:obs-3/ defer=90 plan=98ms/1013,0,0,0,294,532,741,267,29,294,0,238,520,338,403,0.635338,0.364662,0.225,1,quality_gate=n/a,117.643,97.9689,1013,load=shed loop=118 ema=49,0,"lowObs=mark (188,865) r=5 contact support",0,5,1,0,1
401,410.656,12832,0.787697,-2.02909,-0.587201,-3.33062,0.721088,0.00169925,27.9543,34.1755,78282,229059,150777,35300,915,6,EXPAND_MAP,EXPLORATION_FRONTIER,EXPLORE,FORWARD,hybrid-row,ROW_FORWARD:cell fill after ro t=1.1s d=0.00/0.18,0,none,0,-1,wavefront frontier cost=2.31m len=15 score=110.6 comp=0 fp=140/0.79 cont=0.0 wall=0.0 seg=point geom first=96deg corne commitType=frontier intent=EXPAND_MAP fr=353 exploreRoute=frontier-only cost=2. noise=cache38:obs-3/ defer=90 plan=98ms/1013,0,0,0,,,,,,,,,,,,,,,,,107.22,97.9689,1013,load=shed loop=107 ema=52,0,"lowObs=mark (188,865) r=5 contact support",0,5,1,0,1
402,411.68,12864,0.91998,-2.03044,-0.587197,-3.19827,0.719732,0.00176125,28.0865,34.1755,78282,229059,150777,35300,915,6,EXPAND_MAP,EXPLORATION_FRONTIER,EXPLORE,FORWARD,hybrid-row,ROW_FORWARD:cell fill after ro t=1.1s d=0.00/0.18,0,none,0,-1,wavefront frontier cost=2.31m len=15 score=110.6 comp=0 fp=140/0.79 cont=0.0 wall=0.0 seg=point geom first=96deg corne commitType=frontier intent=EXPAND_MAP fr=353 exploreRoute=frontier-only cost=2. noise=cache38:obs-3/ defer=90 plan=98ms/1013,0,0,0,,,,,,,,,,,,,,,,,218.056,97.9689,1013,load=shed loop=218 ema=71,0,"lowObs=mark (188,865) r=5 contact support",0,5,1,0,1
403,412.704,12896,1.05226,-2.0318,-0.587201,-3.06593,0.718375,0.00182326,28.2188,34.1755,78282,229059,150777,35300,915,6,EXPAND_MAP,EXPLORATION_FRONTIER,EXPLORE,FORWARD,hybrid-row,ROW_FORWARD:cell fill after ro t=1.1s d=0.00/0.18,0,none,0,-1,wavefront frontier cost=2.31m len=15 score=110.6 comp=0 fp=140/0.79 cont=0.0 wall=0.0 seg=point geom first=96deg corne commitType=frontier intent=EXPAND_MAP fr=353 exploreRoute=frontier-only cost=2. noise=cache38:obs-3/ defer=90 plan=98ms/1013,0,0,0,,,,,,,,,,,,,,,,,102.777,97.9689,1013,load=shed loop=103 ema=51,0,"lowObs=mark (188,865) r=5 contact support",0,5,1,0,1
404,413.728,12928,1.18455,-2.03315,-0.587199,-2.93358,0.717019,0.00188529,28.3511,34.1755,78282,229059,150777,35300,915,6,EXPAND_MAP,EXPLORATION_FRONTIER,EXPLORE,FORWARD,hybrid-row,ROW_FORWARD:cell fill after ro t=1.1s d=0.00/0.18,0,none,0,-1,wavefront frontier cost=2.31m len=15 score=110.6 comp=0 fp=140/0.79 cont=0.0 wall=0.0 seg=point geom first=96deg corne commitType=frontier intent=EXPAND_MAP fr=353 exploreRoute=frontier-only cost=2. noise=cache38:obs-3/ defer=90 plan=98ms/1013,0,0,0,,,,,,,,,,,,,,,,,209.697,97.9689,1013,load=shed loop=210 ema=70,0,"lowObs=mark (188,865) r=5 contact support",0,5,1,0,1
405,414.752,12960,1.31683,-2.03451,-0.587198,-2.80124,0.715663,0.00194735,28.4834,34.1755,78282,229059,150777,35300,915,6,EXPAND_MAP,EXPLORATION_FRONTIER,EXPLORE,FORWARD,hybrid-row,ROW_FORWARD:cell fill after ro t=1.1s d=0.00/0.18,0,none,0,-1,wavefront frontier cost=2.31m len=15 score=110.6 comp=0 fp=140/0.79 cont=0.0 wall=0.0 seg=point geom first=96deg corne commitType=frontier intent=EXPAND_MAP fr=353 exploreRoute=frontier-only cost=2. noise=cache38:obs-3/ defer=90 plan=98ms/1013,0,0,0,296,534,744,267,29,296,0,238,520,340,403,0.636704,0.363296,0.225,1,quality_gate=n/a,302.413,97.9689,1013,load=shed loop=302 ema=86,0,"lowObs=mark (188,865) r=5 contact support",0,5,1,0,1
406,415.776,12992,1.44911,-2.03586,-0.587202,-2.66889,0.714306,0.00200942,28.6157,34.1755,78282,229059,150777,35300,915,6,EXPAND_MAP,EXPLORATION_FRONTIER,EXPLORE,FORWARD,hybrid-row,ROW_FORWARD:cell fill after ro t=1.1s d=0.00/0.18,0,none,0,-1,wavefront frontier cost=2.31m len=15 score=110.6 comp=0 fp=140/0.79 cont=0.0 wall=0.0 seg=point geom first=96deg corne commitType=frontier intent=EXPAND_MAP fr=353 exploreRoute=frontier-only cost=2. noise=cache38:obs-3/ defer=90 plan=98ms/1013,0,0,0,,,,,,,,,,,,,,,,,127.224,97.9689,1013,load=shed loop=127 ema=55,0,"lowObs=mark (188,865) r=5 contact support",0,5,1,0,1
407,416.8,13024,1.56146,-2.037,-0.437061,-2.5565,0.713172,0.00205116,28.7281,32.0861,81672,254540,172868,42293,20637,12,EXPAND_MAP,EXPLORATION_FRONTIER,EXPLORE,FORWARD,frontier-route,ROUTE_COMMIT:route commit: fron t=22.0s d=0.00/0.00,1,frontier,4,0.508924,wavefront frontier cost=0.51m len=4 score=210.2 comp=0 fp=941/0.00 cont=0.0 wall=0.0 seg=point geom first=23deg corne commitType=frontier intent=EXPAND_MAP fr=422 exploreRoute=frontier-only cost=3. noise=cache6:obs-3/4 defer=98 plan=344ms/9001,0,0,0,,,,,,,,,,,,,,,,,91.161,343.574,9001,load=shed loop=91 ema=62,0,"lowObs=mark (188,865) r=5 contact support",0,5,1,0,1
408,417.824,13056,1.65829,-2.03596,1.66979,-2.45964,0.714199,0.00207516,28.8249,32.0861,81672,254540,172868,42293,20637,12,EXPAND_MAP,EXPLORATION_FRONTIER,EXPLORE,FORWARD,frontier-route,ROUTE_COMMIT:route commit: fron t=22.0s d=0.00/0.00,1,frontier,4,0.508924,wavefront frontier cost=0.51m len=4 score=210.2 comp=0 fp=941/0.00 cont=0.0 wall=0.0 seg=point geom first=23deg corne commitType=frontier intent=EXPAND_MAP fr=422 exploreRoute=frontier-only cost=3. noise=cache6:obs-3/4 defer=98 plan=344ms/9001,0,0,0,,,,,,,,,,,,,,,,,224.793,343.574,9001,load=shed loop=225 ema=77,0,"lowObs=mark (188,865) r=5 contact support",0,5,1,0,1
409,418.848,13088,1.74712,-2.03549,-0.786784,-2.371,0.714682,0.00189582,28.9138,32.0644,82310,256702,174392,41167,20333,12,EXPAND_MAP,EXPLORATION_FRONTIER,EXPLORE,FORWARD,hybrid-row,ROW_FORWARD:cell fill after ro t=1.1s d=0.00/0.18,0,none,0,-1,wavefront frontier cost=0.51m len=4 score=210.0 comp=0 fp=941/0.00 cont=0.0 wall=0.0 seg=point geom first=23deg corne commitType=frontier intent=EXPAND_MAP fr=411 exploreRoute=frontier-only cost=2. noise=cache15:obs-3/ defer=84 plan=165ms/9001,0,0,0,,,,,,,,,,,,,,,,,122.352,164.973,9001,load=shed loop=122 ema=296,0,"lowObs=mark (188,865) r=5 contact support",0,5,1,0,1
410,419.872,13120,1.8749,-2.03718,-0.0598238,-2.24312,0.712972,0.00199417,29.0415,32.0644,82310,256702,174392,41167,20333,12,EXPAND_MAP,EXPLORATION_FRONTIER,EXPLORE,FORWARD,frontier-route,ROUTE_COMMIT:route commit: fron t=22.0s d=0.00/0.00,1,frontier,4,0.509244,wavefront frontier cost=0.51m len=4 score=210.0 comp=0 fp=941/0.00 cont=0.0 wall=0.0 seg=point geom first=23deg corne commitType=frontier intent=EXPAND_MAP fr=411 exploreRoute=frontier-only cost=2. noise=cache15:obs-3/ defer=84 plan=165ms/9001,0,0,0,310,883,1135,602,29,310,0,573,521,689,404,0.780294,0.219706,0.224568,1,quality_gate=n/a,103.516,164.973,9001,load=shed loop=104 ema=56,0,"lowObs=mark (188,865) r=5 contact support",0,5,1,0,1
411,420.896,13152,1.9233,-2.03608,2.09103,-2.19472,0.714085,0.00198763,29.09,32.0644,82310,256702,174392,41167,20333,12,EXPAND_MAP,EXPLORATION_FRONTIER,EXPLORE,RGBD_SNAPSHOT,frontier-hold,RGBD_SNAPSHOT:RGB-D snapshot set t=1.4s d=0.00/0.00,0,none,0,-1,wavefront frontier cost=0.51m len=4 score=204.9 comp=0 fp=941/0.00 cont=0.0 wall=0.0 seg=point geom first=21deg corne commitType=frontier intent=EXPAND_MAP fr=411 exploreRoute=frontier-only cost=3. noise=cache65:obs-3/ defer=99 plan=299ms/9001,0,0,0,,,,,,,,,,,,,,,,,234.405,298.502,9001,load=shed loop=234 ema=105,0,"lowObs=mark (188,865) r=5 contact support",0,5,1,0,1
412,421.92,13184,1.94961,-2.03624,-0.591724,-2.16862,0.713935,0.00178074,29.1163,32.0386,83004,259075,176071,41986,21289,15,EXPAND_MAP,EXPLORATION_FRONTIER,EXPLORE,FORWARD,hybrid-row,ROW_FORWARD:row forward after  t=2.2s d=0.00/0.28,0,none,0,-1,wavefront frontier cost=0.51m len=4 score=204.5 comp=0 fp=941/0.00 cont=0.0 wall=0.0 seg=point geom first=21deg corne commitType=frontier intent=EXPAND_MAP fr=419 exploreRoute=frontier-only cost=3. noise=cache27:obs-3/ defer=99 plan=173ms/5556,0,0,0,,,,,,,,,,,,,,,,,123.252,172.733,5556,load=shed loop=123 ema=67,0,"lowObs=mark (188,865) r=5 contact support",0,5,1,0,1
413,422.944,13216,2.04789,-2.0361,1.02289,-2.07027,0.714062,0.00184246,29.2146,32.0386,83004,259075,176071,41986,21289,15,EXPAND_MAP,EXPLORATION_FRONTIER,EXPLORE,FORWARD,frontier-route,ROUTE_COMMIT:route commit: fron t=22.0s d=0.00/0.00,1,frontier,4,0.510924,wavefront frontier cost=0.51m len=4 score=204.5 comp=0 fp=941/0.00 cont=0.0 wall=0.0 seg=point geom first=21deg corne commitType=frontier intent=EXPAND_MAP fr=419 exploreRoute=frontier-only cost=3. noise=cache27:obs-3/ defer=99 plan=173ms/5556,0,0,0,,,,,,,,,,,,,,,,,108.464,172.733,5556,load=shed loop=108 ema=77,0,"lowObs=mark (188,865) r=5 contact support",0,5,1,0,1
414,423.968,13248,2.12563,-2.03479,-0.758652,-1.99273,0.715379,0.00165746,29.2923,31.9074,83354,261237,177883,43178,21136,15,EXPAND_MAP,EXPLORATION_FRONTIER,EXPLORE,FORWARD,hybrid-row,ROW_FORWARD:cell fill after ro t=1.1s d=0.00/0.18,0,none,0,-1,wavefront frontier cost=0.50m len=4 score=203.9 comp=0 fp=899/-0.00 cont=0.0 wall=0.0 seg=point geom first=101deg corn commitType=frontier intent=EXPAND_MAP fr=431 exploreRoute=frontier-only cost=2. noise=cache20:obs-3/ defer=80 plan=284ms/9001,0,0,0,,,,,,,,,,,,,,,,,213.977,283.743,9001,load=shed loop=214 ema=78,0,"lowObs=mark (188,865) r=5 contact support",0,5,1,0,1
415,424.992,13280,2.25379,-2.03663,-0.826769,-1.86448,0.713538,0.00174543,29.4205,31.9074,83354,261237,177883,43178,21136,15,EXPAND_MAP,EXPLORATION_FRONTIER,EXPLORE,FORWARD,hybrid-row,ROW_FORWARD:cell fill after ro t=1.1s d=0.00/0.18,0,none,0,-1,wavefront frontier cost=0.50m len=4 score=203.3 comp=0 fp=941/0.00 cont=0.0 wall=0.0 seg=point geom first=104deg corn commitType=frontier intent=EXPAND_MAP fr=431 exploreRoute=frontier-only cost=3. noise=cache62:obs-3/ defer=86 plan=167ms/5278,0,0,0,326,845,1122,548,29,326,0,519,521,651,404,0.770414,0.229586,0.224568,1,quality_gate=n/a,130.132,166.761,5278,load=shed loop=130 ema=195,0,"lowObs=mark (188,865) r=5 contact support",0,5,1,0,1
416,426.016,13312,2.38607,-2.03854,-0.826781,-1.73214,0.711628,0.00180759,29.5528,31.9074,83354,261237,177883,43178,21136,15,EXPAND_MAP,EXPLORATION_FRONTIER,EXPLORE,FORWARD,hybrid-row,ROW_FORWARD:cell fill after ro t=1.1s d=0.00/0.18,0,none,0,-1,wavefront frontier cost=0.50m len=4 score=203.3 comp=0 fp=941/0.00 cont=0.0 wall=0.0 seg=point geom first=104deg corn commitType=frontier intent=EXPAND_MAP fr=431 exploreRoute=frontier-only cost=3. noise=cache62:obs-3/ defer=86 plan=167ms/5278,0,0,0,,,,,,,,,,,,,,,,,109.096,166.761,5278,load=shed loop=109 ema=54,0,"lowObs=mark (188,865) r=5 contact support",0,5,1,0,1
417,427.04,13344,2.51834,-2.04045,-0.826783,-1.5998,0.709718,0.00186962,29.6851,31.9074,83354,261237,177883,43178,21136,15,EXPAND_MAP,EXPLORATION_FRONTIER,EXPLORE,FORWARD,hybrid-row,ROW_FORWARD:cell fill after ro t=1.1s d=0.00/0.18,0,none,0,-1,wavefront frontier cost=0.50m len=4 score=203.3 comp=0 fp=941/0.00 cont=0.0 wall=0.0 seg=point geom first=104deg corn commitType=frontier intent=EXPAND_MAP fr=431 exploreRoute=frontier-only cost=3. noise=cache62:obs-3/ defer=86 plan=167ms/5278,0,0,0,,,,,,,,,,,,,,,,,228.228,166.761,5278,load=shed loop=228 ema=67,0,"lowObs=mark (188,865) r=5 contact support",0,5,1,0,1
418,428.064,13376,2.65062,-2.04235,-0.826778,-1.46746,0.707809,0.00193166,29.8174,31.9074,83354,261237,177883,43178,21136,15,EXPAND_MAP,EXPLORATION_FRONTIER,EXPLORE,FORWARD,hybrid-row,ROW_FORWARD:cell fill after ro t=1.1s d=0.00/0.18,0,none,0,-1,wavefront frontier cost=0.50m len=4 score=203.3 comp=0 fp=941/0.00 cont=0.0 wall=0.0 seg=point geom first=104deg corn commitType=frontier intent=EXPAND_MAP fr=431 exploreRoute=frontier-only cost=3. noise=cache62:obs-3/ defer=86 plan=167ms/5278,0,0,0,,,,,,,,,,,,,,,,,116.046,166.761,5278,load=shed loop=116 ema=52,0,"lowObs=mark (188,865) r=5 contact support",0,5,1,0,1
419,429.088,13408,2.78289,-2.04426,-0.826783,-1.33512,0.705899,0.00199373,29.9497,31.9074,83354,261237,177883,43178,21136,15,EXPAND_MAP,EXPLORATION_FRONTIER,EXPLORE,FORWARD,hybrid-row,ROW_FORWARD:cell fill after ro t=1.1s d=0.00/0.18,0,none,0,-1,wavefront frontier cost=0.50m len=4 score=203.3 comp=0 fp=941/0.00 cont=0.0 wall=0.0 seg=point geom first=104deg corn commitType=frontier intent=EXPAND_MAP fr=431 exploreRoute=frontier-only cost=3. noise=cache62:obs-3/ defer=86 plan=167ms/5278,0,0,0,,,,,,,,,,,,,,,,,109.142,166.761,5278,load=shed loop=109 ema=51,0,"lowObs=mark (188,865) r=5 contact support",0,5,1,0,1
420,430.112,13440,2.91517,-2.04617,-0.82678,-1.20279,0.703989,0.00205581,30.0819,31.9074,83354,261237,177883,43178,21136,15,EXPAND_MAP,EXPLORATION_FRONTIER,EXPLORE,FORWARD,hybrid-row,ROW_FORWARD:cell fill after ro t=1.1s d=0.00/0.18,0,none,0,-1,wavefront frontier cost=0.50m len=4 score=203.3 comp=0 fp=941/0.00 cont=0.0 wall=0.0 seg=point geom first=104deg corn commitType=frontier intent=EXPAND_MAP fr=431 exploreRoute=frontier-only cost=3. noise=cache62:obs-3/ defer=86 plan=167ms/5278,0,0,0,331,841,1127,539,29,331,0,510,560,644,438,0.765755,0.234245,0.217857,1,quality_gate=n/a,247.029,166.761,5278,load=shed loop=247 ema=74,0,"lowObs=mark (188,865) r=5 contact support",0,5,1,0,1
421,431.136,13472,3.04744,-2.04808,-0.826779,-1.07045,0.702079,0.0021179,30.2142,31.9074,83354,261237,177883,43178,21136,15,EXPAND_MAP,EXPLORATION_FRONTIER,EXPLORE,FORWARD,hybrid-row,ROW_FORWARD:cell fill after ro t=1.1s d=0.00/0.18,0,none,0,-1,wavefront frontier cost=0.50m len=4 score=203.3 comp=0 fp=941/0.00 cont=0.0 wall=0.0 seg=point geom first=104deg corn commitType=frontier intent=EXPAND_MAP fr=431 exploreRoute=frontier-only cost=3. noise=cache62:obs-3/ defer=86 plan=167ms/5278,0,0,0,,,,,,,,,,,,,,,,,117.434,166.761,5278,load=shed loop=117 ema=50,0,"lowObs=mark (188,865) r=5 contact support",0,5,1,0,1
422,432.16,13504,3.17972,-2.04999,-0.826783,-0.93811,0.700169,0.00218001,30.3465,31.9074,83354,261237,177883,43178,21136,15,EXPAND_MAP,EXPLORATION_FRONTIER,EXPLORE,FORWARD,hybrid-row,ROW_FORWARD:cell fill after ro t=1.1s d=0.00/0.18,0,none,0,-1,wavefront frontier cost=0.50m len=4 score=203.3 comp=0 fp=941/0.00 cont=0.0 wall=0.0 seg=point geom first=104deg corn commitType=frontier intent=EXPAND_MAP fr=431 exploreRoute=frontier-only cost=3. noise=cache62:obs-3/ defer=86 plan=167ms/5278,0,0,0,,,,,,,,,,,,,,,,,286.547,166.761,5278,load=shed loop=287 ema=87,0,"lowObs=mark (188,865) r=5 contact support",0,5,1,0,1
423,433.184,13536,3.312,-2.0519,-0.826778,-0.805772,0.69826,0.00224213,30.4788,31.942,86751,271589,184838,45114,21690,20,EXPAND_MAP,EXPLORATION_FRONTIER,EXPLORE,FORWARD,hybrid-row,ROW_FORWARD:cell fill after ro t=1.1s d=0.00/0.18,0,none,0,-1,wavefront frontier cost=0.83m len=6 score=193.9 comp=0 fp=768/0.00 cont=0.0 wall=0.0 seg=point geom first=104deg corn commitType=frontier intent=EXPAND_MAP fr=451 exploreRoute=frontier-only cost=1. noise=cache26:obs-3/ defer=13 plan=275ms/7970,0,0,0,,,,,,,,,,,,,,,,,225.933,274.554,7970,load=shed loop=226 ema=198,0,"lowObs=mark (188,865) r=5 contact support",0,5,1,0,1
424,434.208,13568,3.44427,-2.05381,-0.826782,-0.673433,0.69635,0.00230426,30.6111,31.942,86751,271589,184838,45114,21690,20,EXPAND_MAP,EXPLORATION_FRONTIER,EXPLORE,FORWARD,hybrid-row,ROW_FORWARD:cell fill after ro t=1.1s d=0.00/0.18,0,none,0,-1,wavefront frontier cost=0.83m len=6 score=193.9 comp=0 fp=768/0.00 cont=0.0 wall=0.0 seg=point geom first=104deg corn commitType=frontier intent=EXPAND_MAP fr=451 exploreRoute=frontier-only cost=1. noise=cache26:obs-3/ defer=13 plan=275ms/7970,0,0,0,,,,,,,,,,,,,,,,,115.291,274.554,7970,load=shed loop=115 ema=49,0,"lowObs=mark (188,865) r=5 contact support",0,5,1,0,1
425,435.232,13600,3.57655,-2.05572,-0.826782,-0.541095,0.69444,0.0023664,30.7434,31.942,86751,271589,184838,45114,21690,20,EXPAND_MAP,EXPLORATION_FRONTIER,EXPLORE,FORWARD,hybrid-row,ROW_FORWARD:cell fill after ro t=1.1s d=0.00/0.18,0,none,0,-1,wavefront frontier cost=0.83m len=6 score=193.9 comp=0 fp=768/0.00 cont=0.0 wall=0.0 seg=point geom first=104deg corn commitType=frontier intent=EXPAND_MAP fr=451 exploreRoute=frontier-only cost=1. noise=cache26:obs-3/ defer=13 plan=275ms/7970,0,0,0,342,852,1139,539,29,342,0,510,546,651,423,0.764085,0.235915,0.225275,1,quality_gate=n/a,152.547,274.554,7970,load=shed loop=153 ema=60,0,"lowObs=mark (188,865) r=5 contact support",0,5,1,0,1
426,436.256,13632,3.70882,-2.05763,-0.826778,-0.408757,0.69253,0.00242855,30.8757,31.942,86751,271589,184838,45114,21690,20,EXPAND_MAP,EXPLORATION_FRONTIER,EXPLORE,FORWARD,hybrid-row,ROW_FORWARD:cell fill after ro t=1.1s d=0.00/0.18,0,none,0,-1,wavefront frontier cost=0.83m len=6 score=193.9 comp=0 fp=768/0.00 cont=0.0 wall=0.0 seg=point geom first=104deg corn commitType=frontier intent=EXPAND_MAP fr=451 exploreRoute=frontier-only cost=1. noise=cache26:obs-3/ defer=13 plan=275ms/7970,0,0,0,,,,,,,,,,,,,,,,,237.559,274.554,7970,load=shed loop=238 ema=75,0,"lowObs=mark (188,865) r=5 contact support",0,5,1,0,1
427,437.28,13664,3.8411,-2.05953,-0.826783,-0.276419,0.690621,0.00249071,31.008,31.942,86751,271589,184838,45114,21690,20,EXPAND_MAP,EXPLORATION_FRONTIER,EXPLORE,FORWARD,hybrid-row,ROW_FORWARD:cell fill after ro t=1.1s d=0.00/0.18,0,none,0,-1,wavefront frontier cost=0.83m len=6 score=193.9 comp=0 fp=768/0.00 cont=0.0 wall=0.0 seg=point geom first=104deg corn commitType=frontier intent=EXPAND_MAP fr=451 exploreRoute=frontier-only cost=1. noise=cache26:obs-3/ defer=13 plan=275ms/7970,0,0,0,,,,,,,,,,,,,,,,,127.034,274.554,7970,load=shed loop=127 ema=54,0,"lowObs=mark (188,865) r=5 contact support",0,5,1,0,1
428,438.304,13696,3.97338,-2.06144,-0.826779,-0.14408,0.688711,0.00255287,31.1403,31.942,86751,271589,184838,45114,21690,20,EXPAND_MAP,EXPLORATION_FRONTIER,EXPLORE,FORWARD,hybrid-row,ROW_FORWARD:cell fill after ro t=1.1s d=0.00/0.18,0,none,0,-1,wavefront frontier cost=0.83m len=6 score=193.9 comp=0 fp=768/0.00 cont=0.0 wall=0.0 seg=point geom first=104deg corn commitType=frontier intent=EXPAND_MAP fr=451 exploreRoute=frontier-only cost=1. noise=cache26:obs-3/ defer=13 plan=275ms/7970,0,0,0,,,,,,,,,,,,,,,,,118.179,274.554,7970,load=shed loop=118 ema=52,0,"lowObs=mark (188,865) r=5 contact support",0,5,1,0,1
429,439.328,13728,4.10565,-2.06335,-0.82678,-0.0117423,0.686801,0.00261504,31.2726,31.942,86751,271589,184838,45114,21690,20,EXPAND_MAP,EXPLORATION_FRONTIER,EXPLORE,FORWARD,hybrid-row,ROW_FORWARD:cell fill after ro t=1.1s d=0.00/0.18,0,none,0,-1,wavefront frontier cost=0.83m len=6 score=193.9 comp=0 fp=768/0.00 cont=0.0 wall=0.0 seg=point geom first=104deg corn commitType=frontier intent=EXPAND_MAP fr=451 exploreRoute=frontier-only cost=1. noise=cache26:obs-3/ defer=13 plan=275ms/7970,0,0,0,,,,,,,,,,,,,,,,,219.469,274.554,7970,load=shed loop=219 ema=71,0,"lowObs=mark (188,865) r=5 contact support",0,5,1,0,1
430,440.352,13760,4.23793,-2.06526,-0.826783,0.120596,0.684891,0.00267722,31.4048,31.942,86751,271589,184838,45114,21690,20,EXPAND_MAP,EXPLORATION_FRONTIER,EXPLORE,FORWARD,hybrid-row,ROW_FORWARD:cell fill after ro t=1.1s d=0.00/0.18,0,none,0,-1,wavefront frontier cost=0.83m len=6 score=193.9 comp=0 fp=768/0.00 cont=0.0 wall=0.0 seg=point geom first=104deg corn commitType=frontier intent=EXPAND_MAP fr=451 exploreRoute=frontier-only cost=1. noise=cache26:obs-3/ defer=13 plan=275ms/7970,0,0,0,361,871,1158,539,29,360,0,511,545,668,420,0.766935,0.233065,0.229358,1,quality_gate=n/a,131.973,274.554,7970,load=shed loop=132 ema=50,0,"lowObs=mark (188,865) r=5 contact support",0,5,1,0,1
431,441.376,13792,4.36135,-2.06681,0.110866,0.244112,0.683334,0.00277445,31.5283,31.9161,89762,281244,191482,47232,34562,17,EXPAND_MAP,EXPLORATION_FRONTIER,EXPLORE,FORWARD,frontier-route,ROUTE_COMMIT:route commit: fron t=22.0s d=0.00/0.00,1,frontier,4,0.509557,wavefront frontier cost=0.51m len=4 score=210.0 comp=0 fp=927/0.00 cont=0.0 wall=0.0 seg=point geom first=27deg corne commitType=frontier intent=EXPAND_MAP fr=472 exploreRoute=frontier-only cost=2. noise=cache64:obs-3/ defer=0 plan=277ms/9001,0,0,0,,,,,,,,,,,,,,,,,92.6157,276.698,9001,load=shed loop=93 ema=149,0,"lowObs=mark (188,865) r=5 contact support",0,5,1,0,1
432,442.4,13824,4.45817,-2.06511,2.06744,0.340953,0.685028,0.00279025,31.6251,31.9161,89762,281244,191482,47232,34562,17,EXPAND_MAP,EXPLORATION_FRONTIER,EXPLORE,FORWARD,frontier-route,ROUTE_COMMIT:route commit: fron t=22.0s d=0.00/0.00,1,frontier,4,0.509557,wavefront frontier cost=0.51m len=4 score=210.0 comp=0 fp=927/0.00 cont=0.0 wall=0.0 seg=point geom first=27deg corne commitType=frontier intent=EXPAND_MAP fr=472 exploreRoute=frontier-only cost=2. noise=cache64:obs-3/ defer=0 plan=277ms/9001,0,0,0,,,,,,,,,,,,,,,,,256.305,276.698,9001,load=shed loop=256 ema=81,0,"lowObs=mark (188,865) r=5 contact support",0,5,1,0,1
433,443.424,13856,4.51259,-2.06254,2.165,0.395387,0.687608,0.00281077,31.6796,31.8674,90602,284309,193707,47452,34492,17,EXPAND_MAP,EXPLORATION_FRONTIER,EXPLORE,RGBD_SNAPSHOT,frontier-hold,RGBD_SNAPSHOT:RGB-D snapshot set t=1.4s d=0.00/0.00,0,none,0,-1,wavefront frontier cost=0.51m len=4 score=210.5 comp=0 fp=932/0.00 cont=0.0 wall=0.0 seg=point geom first=21deg corne commitType=frontier intent=EXPAND_MAP fr=474 exploreRoute=frontier-only cost=2. noise=cache53:obs-3/ defer=0 plan=274ms/9001,0,0,0,,,,,,,,,,,,,,,,,59.2129,273.988,9001,load=shed loop=59 ema=59,0,"lowObs=mark (188,865) r=5 contact support",0,5,1,0,1
434,444.448,13888,4.52263,-2.06254,-0.290978,0.405189,0.687618,0.00256573,31.6896,31.8521,91274,286556,195282,48122,34295,15,EXPAND_MAP,EXPLORATION_FRONTIER,EXPLORE,FORWARD,hybrid-row,ROW_FORWARD:row forward after  t=2.2s d=0.00/0.28,0,none,0,-1,wavefront frontier cost=0.51m len=4 score=210.4 comp=0 fp=932/0.00 cont=0.0 wall=0.0 seg=point geom first=22deg corne commitType=frontier intent=EXPAND_MAP fr=481 exploreRoute=frontier-only cost=2. noise=cache16:obs-7/ defer=0 plan=184ms/9001,0,0,0,,,,,,,,,,,,,,,,,84.8514,183.926,9001,load=shed loop=85 ema=160,0,"lowObs=mark (188,865) r=5 contact support",0,5,1,0,1
435,445.472,13920,4.6202,-2.06223,1.15919,0.502851,0.687907,0.00265788,31.7872,31.8521,91274,286556,195282,48122,34295,15,EXPAND_MAP,EXPLORATION_FRONTIER,EXPLORE,FORWARD,frontier-route,ROUTE_COMMIT:route commit: fron t=22.0s d=0.00/0.00,1,frontier,4,0.510924,wavefront frontier cost=0.51m len=4 score=210.4 comp=0 fp=932/0.00 cont=0.0 wall=0.0 seg=point geom first=22deg corne commitType=frontier intent=EXPAND_MAP fr=481 exploreRoute=frontier-only cost=2. noise=cache16:obs-7/ defer=0 plan=184ms/9001,0,0,0,400,1082,1439,711,29,400,0,682,588,844,422,0.780037,0.219963,0.282313,1,quality_gate=n/a,338.242,183.926,9001,load=shed loop=338 ema=101,0,"lowObs=mark (188,865) r=5 contact support",0,5,1,0,1
436,446.496,13952,4.69448,-2.05987,-0.312517,0.576933,0.690288,0.00246095,31.8615,31.8948,91729,287599,195870,47282,34281,15,EXPAND_MAP,EXPLORATION_FRONTIER,EXPLORE,FORWARD,hybrid-row,ROW_FORWARD:cell fill after ro t=1.1s d=0.00/0.18,0,none,0,-1,wavefront frontier cost=0.51m len=4 score=210.5 comp=0 fp=891/0.00 cont=0.0 wall=0.0 seg=point geom first=21deg corne commitType=frontier intent=EXPAND_MAP fr=472 exploreRoute=frontier-only cost=2. noise=cache10:obs-3/ defer=0 plan=251ms/1615,0,0,0,,,,,,,,,,,,,,,,,73.1762,250.713,1615,load=shed loop=73 ema=111,0,"lowObs=mark (188,865) r=5 contact support",0,5,1,0,1
437,447.52,13984,4.81636,-2.06157,-0.846757,0.698901,0.688575,0.00255271,31.9834,31.8948,91729,287599,195870,47282,34281,15,EXPAND_MAP,EXPLORATION_FRONTIER,EXPLORE,FORWARD,hybrid-row,ROW_FORWARD:cell fill after ro t=1.1s d=0.00/0.18,0,none,0,-1,wavefront frontier cost=0.50m len=4 score=203.7 comp=0 fp=941/0.00 cont=0.0 wall=0.0 seg=point geom first=103deg corn commitType=frontier intent=EXPAND_MAP fr=472 exploreRoute=frontier-only cost=2. noise=cache49:obs-3/ defer=0 plan=170ms/9001,0,0,0,,,,,,,,,,,,,,,,,121.134,169.728,9001,load=shed loop=121 ema=351,0,"lowObs=mark (188,865) r=5 contact support",0,5,1,0,1
438,448.544,14016,4.94863,-2.06353,-0.846816,0.831237,0.686619,0.00261543,32.1157,31.8948,91729,287599,195870,47282,34281,15,EXPAND_MAP,EXPLORATION_FRONTIER,EXPLORE,FORWARD,hybrid-row,ROW_FORWARD:cell fill after ro t=1.1s d=0.00/0.18,0,none,0,-1,wavefront frontier cost=0.50m len=4 score=203.7 comp=0 fp=941/0.00 cont=0.0 wall=0.0 seg=point geom first=103deg corn commitType=frontier intent=EXPAND_MAP fr=472 exploreRoute=frontier-only cost=2. noise=cache49:obs-3/ defer=0 plan=170ms/9001,0,0,0,,,,,,,,,,,,,,,,,200.637,169.728,9001,load=shed loop=201 ema=66,0,"lowObs=mark (188,865) r=5 contact support",0,5,1,0,1
439,449.568,14048,5.08091,-2.06548,-0.846812,0.963575,0.684663,0.00267762,32.248,31.8948,91729,287599,195870,47282,34281,15,EXPAND_MAP,EXPLORATION_FRONTIER,EXPLORE,FORWARD,hybrid-row,ROW_FORWARD:cell fill after ro t=1.1s d=0.00/0.18,0,none,0,-1,wavefront frontier cost=0.50m len=4 score=203.7 comp=0 fp=941/0.00 cont=0.0 wall=0.0 seg=point geom first=103deg corn commitType=frontier intent=EXPAND_MAP fr=472 exploreRoute=frontier-only cost=2. noise=cache49:obs-3/ defer=0 plan=170ms/9001,0,0,0,,,,,,,,,,,,,,,,,111.539,169.728,9001,load=shed loop=112 ema=53,0,"lowObs=mark (188,865) r=5 contact support",0,5,1,0,1
440,450.592,14080,5.21318,-2.06744,-0.846817,1.09591,0.682707,0.00273981,32.3803,31.8948,91729,287599,195870,47282,34281,15,EXPAND_MAP,EXPLORATION_FRONTIER,EXPLORE,FORWARD,hybrid-row,ROW_FORWARD:cell fill after ro t=1.1s d=0.00/0.18,0,none,0,-1,wavefront frontier cost=0.50m len=4 score=203.7 comp=0 fp=941/0.00 cont=0.0 wall=0.0 seg=point geom first=103deg corn commitType=frontier intent=EXPAND_MAP fr=472 exploreRoute=frontier-only cost=2. noise=cache49:obs-3/ defer=0 plan=170ms/9001,0,0,0,413,1095,1452,711,29,413,0,682,619,844,440,0.770776,0.229224,0.289176,1,quality_gate=n/a,274.724,169.728,9001,load=shed loop=275 ema=84,0,"lowObs=mark (188,865) r=5 contact support",0,5,1,0,1
441,451.616,14112,5.34546,-2.06939,-0.846813,1.22825,0.680751,0.00280201,32.5126,31.8948,91729,287599,195870,47282,34281,15,EXPAND_MAP,EXPLORATION_FRONTIER,EXPLORE,FORWARD,hybrid-row,ROW_FORWARD:cell fill after ro t=1.1s d=0.00/0.18,0,none,0,-1,wavefront frontier cost=0.50m len=4 score=203.7 comp=0 fp=941/0.00 cont=0.0 wall=0.0 seg=point geom first=103deg corn commitType=frontier intent=EXPAND_MAP fr=472 exploreRoute=frontier-only cost=2. noise=cache49:obs-3/ defer=0 plan=170ms/9001,0,0,0,,,,,,,,,,,,,,,,,253.263,169.728,9001,load=shed loop=253 ema=80,0,"lowObs=mark (188,865) r=5 contact support",0,5,1,0,1
442,452.64,14144,5.47773,-2.07135,-0.846813,1.36059,0.678795,0.00286422,32.6449,31.8948,91729,287599,195870,47282,34281,15,EXPAND_MAP,EXPLORATION_FRONTIER,EXPLORE,FORWARD,hybrid-row,ROW_FORWARD:cell fill after ro t=1.1s d=0.00/0.18,0,none,0,-1,wavefront frontier cost=0.50m len=4 score=203.7 comp=0 fp=941/0.00 cont=0.0 wall=0.0 seg=point geom first=103deg corn commitType=frontier intent=EXPAND_MAP fr=472 exploreRoute=frontier-only cost=2. noise=cache49:obs-3/ defer=0 plan=170ms/9001,0,0,0,,,,,,,,,,,,,,,,,115.442,169.728,9001,load=shed loop=115 ema=54,0,"lowObs=mark (188,865) r=5 contact support",0,5,1,0,1
443,453.664,14176,5.61001,-2.0733,-0.846817,1.49292,0.676839,0.00292643,32.7772,31.8948,91729,287599,195870,47282,34281,15,EXPAND_MAP,EXPLORATION_FRONTIER,EXPLORE,FORWARD,hybrid-row,ROW_FORWARD:cell fill after ro t=1.1s d=0.00/0.18,0,none,0,-1,wavefront frontier cost=0.50m len=4 score=203.7 comp=0 fp=941/0.00 cont=0.0 wall=0.0 seg=point geom first=103deg corn commitType=frontier intent=EXPAND_MAP fr=472 exploreRoute=frontier-only cost=2. noise=cache49:obs-3/ defer=0 plan=170ms/9001,0,0,0,,,,,,,,,,,,,,,,,118.091,169.728,9001,load=shed loop=118 ema=52,0,"lowObs=mark (188,865) r=5 contact support",0,5,1,0,1
444,454.688,14208,5.74228,-2.07526,-0.846812,1.62526,0.674883,0.00298864,32.9094,31.8948,91729,287599,195870,47282,34281,15,EXPAND_MAP,EXPLORATION_FRONTIER,EXPLORE,FORWARD,hybrid-row,ROW_FORWARD:cell fill after ro t=1.1s d=0.00/0.18,0,none,0,-1,wavefront frontier cost=0.50m len=4 score=203.7 comp=0 fp=941/0.00 cont=0.0 wall=0.0 seg=point geom first=103deg corn commitType=frontier intent=EXPAND_MAP fr=472 exploreRoute=frontier-only cost=2. noise=cache49:obs-3/ defer=0 plan=170ms/9001,0,0,0,,,,,,,,,,,,,,,,,224.842,169.728,9001,load=shed loop=225 ema=71,0,"lowObs=mark (188,865) r=5 contact support",0,5,1,0,1
445,455.712,14240,5.87123,-2.07716,-0.846816,1.7543,0.672975,0.00307827,33.0384,32.2291,95079,295010,199931,44705,48469,17,EXPAND_MAP,EXPLORATION_FRONTIER,EXPLORE,FORWARD,frontier-route,ROUTE_COMMIT:route commit: fron t=22.0s d=0.00/0.00,1,frontier,6,0.838498,wavefront frontier cost=0.84m len=6 score=202.5 comp=0 fp=906/0.00 cont=0.0 wall=0.0 seg=point geom first=26deg corne commitType=frontier intent=EXPAND_MAP fr=447 exploreRoute=frontier-only cost=3. noise=cache13:obs-2/ defer=0 plan=312ms/9001,0,0,0,415,1097,1452,711,29,415,0,682,632,844,451,0.769371,0.230629,0.286392,1,quality_gate=n/a,102.135,312.069,9001,load=shed loop=102 ema=268,0,"lowObs=mark (188,865) r=5 contact support",0,5,1,0,1
446,456.736,14272,5.96807,-2.07859,-0.846816,1.85113,0.671544,0.00307198,33.1353,32.2291,95079,295010,199931,44705,48469,17,EXPAND_MAP,EXPLORATION_FRONTIER,EXPLORE,FORWARD,frontier-route,ROUTE_COMMIT:route commit: fron t=22.0s d=0.00/0.00,1,frontier,6,0.838498,wavefront frontier cost=0.84m len=6 score=202.5 comp=0 fp=906/0.00 cont=0.0 wall=0.0 seg=point geom first=26deg corne commitType=frontier intent=EXPAND_MAP fr=447 exploreRoute=frontier-only cost=3. noise=cache13:obs-2/ defer=0 plan=312ms/9001,0,0,0,,,,,,,,,,,,,,,,,89.2356,312.069,9001,load=shed loop=89 ema=57,0,"lowObs=mark (188,865) r=5 contact support",0,5,1,0,1
447,457.76,14304,6.06491,-2.0797,-0.546175,1.948,0.670438,0.00309643,33.2321,32.2291,95079,295010,199931,44705,48469,17,EXPAND_MAP,EXPLORATION_FRONTIER,EXPLORE,FORWARD,frontier-route,ROUTE_COMMIT:route commit: fron t=22.0s d=0.00/0.00,1,frontier,6,0.838498,wavefront frontier cost=0.84m len=6 score=202.5 comp=0 fp=906/0.00 cont=0.0 wall=0.0 seg=point geom first=26deg corne commitType=frontier intent=EXPAND_MAP fr=447 exploreRoute=frontier-only cost=3. noise=cache13:obs-2/ defer=0 plan=312ms/9001,0,0,0,,,,,,,,,,,,,,,,,241.429,312.069,9001,load=shed loop=241 ema=86,0,"lowObs=mark (188,865) r=5 contact support",0,5,1,0,1
448,458.784,14336,6.16175,-2.08062,-0.546171,2.04486,0.669514,0.00312085,33.329,32.2291,95079,295010,199931,44705,48469,17,EXPAND_MAP,EXPLORATION_FRONTIER,EXPLORE,FORWARD,frontier-route,ROUTE_COMMIT:route commit: fron t=22.0s d=0.00/0.00,1,frontier,6,0.838498,wavefront frontier cost=0.84m len=6 score=202.5 comp=0 fp=906/0.00 cont=0.0 wall=0.0 seg=point geom first=26deg corne commitType=frontier intent=EXPAND_MAP fr=447 exploreRoute=frontier-only cost=3. noise=cache13:obs-2/ defer=0 plan=312ms/9001,0,0,0,,,,,,,,,,,,,,,,,106.537,312.069,9001,load=shed loop=107 ema=63,0,"lowObs=mark (188,865) r=5 contact support",0,5,1,0,1
449,459.808,14368,6.25859,-2.08026,1.10632,2.14173,0.669872,0.00314553,33.4258,32.2291,95079,295010,199931,44705,48469,17,EXPAND_MAP,EXPLORATION_FRONTIER,EXPLORE,FORWARD,frontier-route,ROUTE_COMMIT:route commit: fron t=22.0s d=0.00/0.00,1,frontier,6,0.838498,wavefront frontier cost=0.84m len=6 score=202.5 comp=0 fp=906/0.00 cont=0.0 wall=0.0 seg=point geom first=26deg corne commitType=frontier intent=EXPAND_MAP fr=447 exploreRoute=frontier-only cost=3. noise=cache13:obs-2/ defer=0 plan=312ms/9001,0,0,0,,,,,,,,,,,,,,,,,87.4717,312.069,9001,load=shed loop=87 ema=70,0,"lowObs=mark (188,865) r=5 contact support",0,5,1,0,1
450,460.832,14400,6.35537,-2.07669,3.21366,2.23853,0.673442,0.00317081,33.5226,32.2291,95079,295010,199931,44705,48469,17,EXPAND_MAP,EXPLORATION_FRONTIER,EXPLORE,FORWARD,frontier-route,ROUTE_COMMIT:route commit: fron t=22.0s d=0.00/0.00,1,frontier,6,0.838498,wavefront frontier cost=0.84m len=6 score=202.5 comp=0 fp=906/0.00 cont=0.0 wall=0.0 seg=point geom first=26deg corne commitType=frontier intent=EXPAND_MAP fr=447 exploreRoute=frontier-only cost=3. noise=cache13:obs-2/ defer=0 plan=312ms/9001,0,0,0,415,1097,1452,711,29,415,0,682,639,844,458,0.769371,0.230629,0.283255,1,quality_gate=n/a,353.934,312.069,9001,load=shed loop=354 ema=100,0,"lowObs=mark (188,865) r=5 contact support",0,5,1,0,1
451,461.856,14432,6.37047,-2.07578,2.16155,2.25364,0.674357,0.00317534,33.5378,32.6542,96374,295135,198761,44619,48289,17,EXPAND_MAP,EXPLORATION_FRONTIER,EXPLORE,RGBD_SNAPSHOT,frontier-hold,RGBD_SNAPSHOT:RGB-D snapshot set t=1.4s d=0.00/0.00,0,none,0,-1,wavefront frontier cost=0.51m len=4 score=210.5 comp=0 fp=941/-0.00 cont=0.0 wall=0.0 seg=point geom first=21deg corne commitType=frontier intent=EXPAND_MAP fr=446 exploreRoute=frontier-only cost=3. noise=cache42:obs-2/ defer=0 plan=288ms/9001,0,0,0,,,,,,,,,,,,,,,,,89.2665,288.35,9001,load=shed loop=89 ema=60,0,"lowObs=mark (188,865) r=5 contact support",0,5,1,0,1
452,462.88,14464,6.41756,-2.07593,0.10485,2.30056,0.674199,0.00300913,33.5849,32.779,96759,295186,198427,44584,48191,17,EXPAND_MAP,EXPLORATION_FRONTIER,EXPLORE,FORWARD,frontier-route,ROUTE_COMMIT:route commit: fron t=22.0s d=0.00/0.00,1,frontier,4,0.510924,wavefront frontier cost=0.51m len=4 score=210.3 comp=0 fp=941/-0.00 cont=0.0 wall=0.0 seg=point geom first=23deg corne commitType=frontier intent=EXPAND_MAP fr=445 exploreRoute=frontier-only cost=3. noise=cache4:obs-2/6 defer=0 plan=200ms/9001,0,0,0,,,,,,,,,,,,,,,,,84.3946,200.292,9001,load=shed loop=84 ema=58,0,"lowObs=mark (188,865) r=5 contact support",0,5,1,0,1
453,463.904,14496,6.51439,-2.07412,2.21167,2.39742,0.676009,0.00303771,33.6817,32.779,96759,295186,198427,44584,48191,17,EXPAND_MAP,EXPLORATION_FRONTIER,EXPLORE,FORWARD,frontier-route,ROUTE_COMMIT:route commit: fron t=22.0s d=0.00/0.00,1,frontier,4,0.510924,wavefront frontier cost=0.51m len=4 score=210.3 comp=0 fp=941/-0.00 cont=0.0 wall=0.0 seg=point geom first=23deg corne commitType=frontier intent=EXPAND_MAP fr=445 exploreRoute=frontier-only cost=3. noise=cache4:obs-2/6 defer=0 plan=200ms/9001,0,0,0,,,,,,,,,,,,,,,,,222.2,200.292,9001,load=shed loop=222 ema=76,0,"lowObs=mark (188,865) r=5 contact support",0,5,1,0,1
454,464.928,14528,6.54764,-2.07261,0.548393,2.43068,0.67752,0.00304849,33.715,32.9647,97284,295116,197832,44560,48145,17,EXPAND_MAP,EXPLORATION_FRONTIER,EXPLORE,SCAN_AROUND,frontier-hold,SCAN_AROUND:active RGB-D scan: t=5.8s d=0.00/0.00,0,none,0,-1,wavefront frontier cost=0.51m len=4 score=210.4 comp=0 fp=647/0.00 cont=0.0 wall=0.0 seg=point geom first=22deg corne commitType=frontier intent=EXPAND_MAP fr=445 exploreRoute=frontier-only cost=3. noise=cache14:obs-2/ defer=0 plan=192ms/9001,0,0,0,,,,,,,,,,,,,,,,,63.9934,192.35,9001,load=shed loop=64 ema=263,0,"lowObs=mark (188,865) r=5 contact support",0,5,1,0,1
455,465.952,14560,6.54764,-2.07261,-15.7714,2.43068,0.677498,0.00304344,33.715,32.9647,97284,295116,197832,44560,48145,17,EXPAND_MAP,EXPLORATION_FRONTIER,EXPLORE,SCAN_AROUND,frontier-hold,SCAN_AROUND:active RGB-D scan: t=5.8s d=0.00/0.00,0,none,0,-1,wavefront frontier cost=0.51m len=4 score=209.5 comp=0 fp=647/0.00 cont=0.0 wall=0.0 seg=point geom first=32deg corne commitType=frontier intent=EXPAND_MAP fr=445 exploreRoute=frontier-only cost=3. noise=cache31:obs-2/ defer=0 plan=284ms/9001,0,0,0,415,1097,1452,711,29,415,0,682,636,844,455,0.769371,0.230629,0.284591,1,quality_gate=n/a,95.1297,284.433,9001,load=shed loop=95 ema=43,0,"lowObs=mark (188,865) r=5 contact support",0,5,1,0,1
456,466.976,14592,6.54764,-2.07261,-24.3615,2.43067,0.677487,0.00303325,33.715,32.9647,97284,295116,197832,44560,48145,17,EXPAND_MAP,EXPLORATION_FRONTIER,EXPLORE,SCAN_AROUND,frontier-hold,SCAN_AROUND:active RGB-D scan: t=5.8s d=0.00/0.00,0,none,0,-1,wavefront frontier cost=0.51m len=4 score=209.5 comp=0 fp=647/0.00 cont=0.0 wall=0.0 seg=point geom first=32deg corne commitType=frontier intent=EXPAND_MAP fr=445 exploreRoute=frontier-only cost=3. noise=cache31:obs-2/ defer=0 plan=284ms/9001,0,0,0,,,,,,,,,,,,,,,,,171.388,284.433,9001,load=shed loop=171 ema=56,0,"lowObs=mark (188,865) r=5 contact support",0,5,1,0,1
457,468,14624,6.54764,-2.07261,-20.0774,2.43067,0.677492,0.00303805,33.715,32.9647,97284,295116,197832,44560,48145,17,EXPAND_MAP,EXPLORATION_FRONTIER,EXPLORE,SCAN_AROUND,frontier-hold,SCAN_AROUND:active RGB-D scan: t=5.8s d=0.00/0.00,0,none,0,-1,wavefront frontier cost=0.51m len=4 score=209.5 comp=0 fp=647/0.00 cont=0.0 wall=0.0 seg=point geom first=32deg corne commitType=frontier intent=EXPAND_MAP fr=445 exploreRoute=frontier-only cost=3. noise=cache31:obs-2/ defer=0 plan=284ms/9001,0,0,0,,,,,,,,,,,,,,,,,70.2054,284.433,9001,load=shed loop=70 ema=29,0,"lowObs=mark (188,865) r=5 contact support",0,5,1,0,1
458,469.024,14656,6.54764,-2.07261,-0.743116,2.43068,0.677517,0.00304361,33.715,32.9647,97284,295116,197832,44560,48145,17,EXPAND_MAP,EXPLORATION_FRONTIER,EXPLORE,SCAN_AROUND,frontier-hold,SCAN_AROUND:active RGB-D scan: t=5.8s d=0.00/0.00,0,none,0,-1,wavefront frontier cost=0.51m len=4 score=209.5 comp=0 fp=647/0.00 cont=0.0 wall=0.0 seg=point geom first=32deg corne commitType=frontier intent=EXPAND_MAP fr=445 exploreRoute=frontier-only cost=3. noise=cache31:obs-2/ defer=0 plan=284ms/9001,0,0,0,,,,,,,,,,,,,,,,,207.657,284.433,9001,load=shed loop=208 ema=59,0,"lowObs=mark (188,865) r=5 contact support",0,5,1,0,1
459,470.048,14688,6.54764,-2.07261,17.6901,2.4307,0.677541,0.00306391,33.715,32.9647,97284,295116,197832,44560,48145,17,EXPAND_MAP,EXPLORATION_FRONTIER,EXPLORE,SCAN_AROUND,frontier-hold,SCAN_AROUND:active RGB-D scan: t=5.8s d=0.00/0.00,0,none,0,-1,wavefront frontier cost=0.51m len=4 score=209.5 comp=0 fp=647/0.00 cont=0.0 wall=0.0 seg=point geom first=32deg corne commitType=frontier intent=EXPAND_MAP fr=445 exploreRoute=frontier-only cost=3. noise=cache31:obs-2/ defer=0 plan=284ms/9001,0,0,0,,,,,,,,,,,,,,,,,165.556,284.433,9001,load=shed loop=166 ema=48,0,"lowObs=mark (188,865) r=5 contact support",0,5,1,0,1
460,471.072,14720,6.63222,-2.04932,12.6138,2.51524,0.70085,0.00303329,33.8028,32.9686,97284,295081,197797,44583,48141,17,EXPAND_MAP,EXPLORATION_FRONTIER,EXPLORE,FORWARD,frontier-route,ROUTE_COMMIT:route commit: fron t=22.0s d=0.00/0.00,1,frontier,4,0.510924,wavefront frontier cost=0.51m len=4 score=211.0 comp=0 fp=662/0.00 cont=0.0 wall=0.0 seg=point geom first=5deg corner commitType=frontier intent=EXPAND_MAP fr=445 exploreRoute=frontier-only cost=3. noise=cache35:obs-2/ defer=0 plan=281ms/9001,0,0,0,415,1097,1452,711,29,415,0,682,635,844,454,0.769371,0.230629,0.285039,1,quality_gate=n/a,88.0568,280.642,9001,load=shed loop=88 ema=50,0,"lowObs=mark (188,865) r=5 contact support",0,5,1,0,1
461,472.096,14752,6.71842,-2.0329,8.58149,2.60156,0.717272,0.00314262,33.8905,33.0795,97615,295092,197477,44572,48119,17,EXPAND_MAP,EXPLORATION_FRONTIER,EXPLORE,FORWARD,hybrid-row,ROW_FORWARD:cell fill after ro t=1.1s d=0.00/0.18,0,none,0,-1,wavefront frontier cost=0.67m len=5 score=205.4 comp=0 fp=917/-0.00 cont=0.0 wall=0.0 seg=point geom first=16deg corne commitType=frontier intent=EXPAND_MAP fr=445 exploreRoute=frontier-only cost=2. noise=cache24:obs-2/ defer=0 plan=264ms/9001,0,0,0,,,,,,,,,,,,,,,,,64.5329,263.736,9001,load=shed loop=65 ema=267,0,"lowObs=mark (188,865) r=5 contact support",0,5,1,0,1
462,473.12,14784,6.73172,-2.03297,-0.482843,2.61476,0.717177,0.00304454,33.9031,33.0795,97615,295092,197477,44572,48119,17,EXPAND_MAP,EXPLORATION_FRONTIER,EXPLORE,FORWARD,hybrid-row,ROW_FORWARD:cell fill after ro t=1.1s d=0.00/0.18,0,none,0,-1,wavefront frontier cost=0.67m len=5 score=205.6 comp=0 fp=912/-0.00 cont=0.0 wall=0.0 seg=point geom first=27deg corne commitType=frontier intent=EXPAND_MAP fr=445 exploreRoute=frontier-only cost=2. noise=cache58:obs-2/ defer=0 plan=207ms/9001,0,0,0,,,,,,,,,,,,,,,,,2029.31,207.079,9001,load=shed loop=2029 ema=394,0,"lowObs=mark (188,865) r=5 contact support",0,5,1,0,1
463,474.144,14816,6.7666,-2.03327,-0.498775,2.64964,0.716874,0.00304994,33.9379,33.0795,97615,295092,197477,44572,48119,17,EXPAND_MAP,EXPLORATION_FRONTIER,EXPLORE,FORWARD,hybrid-row,ROW_FORWARD:cell fill after ro t=1.1s d=0.00/0.18,0,none,0,-1,wavefront frontier cost=0.67m len=5 score=205.6 comp=0 fp=912/-0.00 cont=0.0 wall=0.0 seg=point geom first=27deg corne commitType=frontier intent=EXPAND_MAP fr=445 exploreRoute=frontier-only cost=2. noise=cache58:obs-2/ defer=0 plan=207ms/9001,0,0,0,,,,,,,,,,,,,,,,,94.1748,207.079,9001,load=shed loop=94 ema=49,0,"lowObs=mark (188,865) r=5 contact support",0,5,1,0,1
464,475.168,14848,6.88719,-2.03432,-0.49878,2.77028,0.715823,0.00310037,34.0585,33.0795,97615,295092,197477,44572,48119,17,EXPAND_MAP,EXPLORATION_FRONTIER,EXPLORE,FORWARD,hybrid-row,ROW_FORWARD:cell fill after ro t=1.1s d=0.00/0.18,0,none,0,-1,wavefront frontier cost=0.67m len=5 score=205.6 comp=0 fp=912/-0.00 cont=0.0 wall=0.0 seg=point geom first=27deg corne commitType=frontier intent=EXPAND_MAP fr=445 exploreRoute=frontier-only cost=2. noise=cache58:obs-2/ defer=0 plan=207ms/9001,0,0,0,,,,,,,,,,,,,,,,,107.056,207.079,9001,load=shed loop=107 ema=46,0,"lowObs=mark (188,865) r=5 contact support",0,5,1,0,1
465,476.192,14880,6.84257,-2.03393,-0.496989,2.72401,0.71621,0.00144307,34.1279,33.0795,97615,295092,197477,44572,48119,17,EXPAND_MAP,EXPLORATION_FRONTIER,EXPLORE,CONTACT_WAIT_CLEAR,recovery,ROW_FORWARD:cell fill after ro t=1.1s d=0.00/0.18,0,none,0,-1,invalidated after contact: map-build bumper row-end: boundary t,0,0,0,444,1174,1537,761,58,444,0,730,654,893,456,0.760647,0.239353,0.302752,1,quality_gate=n/a,106.923,207.079,9001,load=shed loop=107 ema=32,0,"lowObs=mark (777,603) r=5 contact support",0,6,1,0,2
466,477.216,14912,6.84257,-2.03393,48.0927,2.72416,0.716277,0.00160571,34.1279,33.0795,97615,295092,197477,44572,48119,17,EXPAND_MAP,EXPLORATION_FRONTIER,EXPLORE,CONTACT_ROTATE,recovery,ROW_FORWARD:cell fill after ro t=1.1s d=0.00/0.18,0,none,0,-1,invalidated after contact: map-build bumper row-end: boundary t,0,0,0,,,,,,,,,,,,,,,,,57.5816,207.079,9001,load=shed loop=58 ema=32,0,"lowObs=mark (777,603) r=5 contact support",0,6,1,0,2
467,478.24,14944,6.84257,-2.03393,73.614,2.72413,0.716291,0.0015741,34.1279,33.0795,97615,295092,197477,44572,48119,17,EXPAND_MAP,EXPLORATION_FRONTIER,EXPLORE,CONTACT_ROTATE,recovery,ROW_FORWARD:cell fill after ro t=1.1s d=0.00/0.18,0,none,0,-1,invalidated after contact: map-build bumper row-end: boundary t,0,0,0,,,,,,,,,,,,,,,,,62.702,207.079,9001,load=shed loop=63 ema=37,0,"lowObs=mark (777,603) r=5 contact support",0,6,1,0,2
468,479.264,14976,6.84257,-2.03393,87.3997,2.72411,0.716294,0.00155688,34.1279,33.0795,97615,295092,197477,44572,48119,17,EXPAND_MAP,EXPLORATION_FRONTIER,EXPLORE,CONTACT_ROTATE,recovery,ROW_FORWARD:cell fill after ro t=1.1s d=0.00/0.18,0,none,0,-1,invalidated after contact: map-build bumper row-end: boundary t,0,0,0,,,,,,,,,,,,,,,,,89.3841,207.079,9001,load=shed loop=89 ema=39,0,"lowObs=mark (777,603) r=5 contact support",0,6,1,0,2
469,480.288,15008,6.84335,-1.93821,89.5373,2.72488,0.812057,0.00156008,34.2237,33.0795,97615,295092,197477,44572,48119,17,EXPAND_MAP,EXPLORATION_FRONTIER,EXPLORE,FORWARD,hybrid-row,ROW_FORWARD:row forward after  t=1.1s d=0.00/0.18,0,none,0,-1,invalidated after contact: finish rotate front,0,0,0,,,,,,,,,,,,,,,,,139.887,207.079,9001,load=shed loop=140 ema=55,0,"lowObs=mark (777,603) r=5 contact support",0,6,1,0,2
